level,word,pos,ipa,definition,example,status,notes
A1,apple,noun,/ˈæpəl/,A round red or green fruit that grows on a tree,I eat an apple every morning.,approved,
A1,baby,noun,/ˈbeɪbi/,A very young child,The baby is sleeping in her bed.,approved,
A1,bed,noun,/ˈbɛd/,A piece of furniture you sleep on,I go to bed at ten o'clock.,approved,
A1,big,adjective,/ˈbɪɡ/,Large in size,That is a very big dog.,approved,
A1,black,adjective,/ˈblæk/,Having the color of night or coal,She wore a black dress to the party.,approved,
A1,book,noun,/ˈbʊk/,A set of printed pages held together with a cover,I am reading an interesting book.,approved,
A1,buy,verb,/ˈbaɪ/,To get something by paying money for it,I want to buy a new phone.,approved,
A1,car,noun,/ˈkɑr/,A vehicle with four wheels and an engine,My dad drives a red car.,approved,
A1,cat,noun,/ˈkæt/,A small animal with fur that people keep at home,Our cat sleeps on the sofa.,approved,
A1,child,noun,/ˈtʃaɪld/,A young boy or girl,The child was playing in the park.,approved,
A1,cold,adjective,/ˈkoʊld/,Having a low temperature,The water in the pool is cold.,approved,
A1,come,verb,/ˈkʌm/,To move toward the speaker or a place,Please come to my house tomorrow.,approved,
A1,day,noun,/ˈdeɪ/,A period of 24 hours,Monday is the first day of the week.,approved,
A1,dog,noun,/ˈdɔɡ/,An animal with four legs that people keep as a pet,My dog likes to run in the yard.,approved,
A1,door,noun,/ˈdɔr/,A flat object you open to enter a room,Please close the door behind you.,approved,
A1,drink,verb,/ˈdrɪŋk/,To put liquid into your mouth and swallow it,I drink milk with breakfast.,approved,
A1,eat,verb,/ˈit/,To put food in your mouth and swallow it,I eat breakfast at seven o'clock.,approved,
A1,family,noun,/ˈfæməli/,A group of people related to each other,My family lives in Spain.,approved,
A1,father,noun,/ˈfɑðər/,A male parent,My father works at a bank.,approved,
A1,fish,noun,/ˈfɪʃ/,An animal that lives in water and has fins,We saw many fish in the river.,approved,
A1,friend,noun,/ˈfrɛnd/,A person you like and enjoy spending time with,Maria is my best friend.,approved,
A1,go,verb,/ˈɡoʊ/,To move from one place to another,I go to work by bus.,approved,
A1,good,adjective,/ˈɡʊd/,Of high quality or standard; satisfactory,That was a good film.,approved,
A1,hand,noun,/ˈhænd/,The part of your body at the end of your arm,Wash your hands before you eat.,approved,
A1,happy,adjective,/ˈhæpi/,Feeling pleased or joyful,She was very happy on her birthday.,approved,
A1,hello,interjection,/həˈloʊ/,A greeting used when meeting someone,Hello! How are you today?,approved,
A1,hot,adjective,/ˈhɑt/,Having a high temperature,The soup is very hot right now.,approved,
A1,house,noun,/ˈhaʊs/,A building where people live,We live in a small house near the park.,approved,
A1,know,verb,/ˈnoʊ/,To have information about something,I know her name and address.,approved,
A1,like,verb,/ˈlaɪk/,To enjoy something or find it nice,I like ice cream a lot.,approved,
A1,listen,verb,/ˈlɪsən/,To pay attention to sound,I listen to music every day.,approved,
A1,morning,noun,/ˈmɔrnɪŋ/,The early part of the day,I drink coffee every morning.,approved,
A1,mother,noun,/ˈmʌðər/,A female parent,My mother cooks dinner every evening.,approved,
A1,name,noun,/ˈneɪm/,The word that a person or thing is known by,My name is John.,approved,
A1,new,adjective,/ˈnu/,Made or bought a short time ago,She has a new bike.,approved,
A1,night,noun,/ˈnaɪt/,The dark part of the day when people sleep,I read a book last night.,approved,
A1,open,verb,/ˈoʊpən/,To move something so it is no longer closed,Please open the window for me.,approved,
A1,read,verb,/ˈrɛd/,To look at words and understand them,I read a book every night.,approved,
A1,red,adjective,/ˈrɛd/,Having the color of blood,She bought a red umbrella.,approved,
A1,run,verb,/ˈrʌn/,To move fast using your legs,I run in the park on Sundays.,approved,
A1,school,noun,/ˈskul/,A place where children go to learn,The children go to school at eight o'clock.,approved,
A1,see,verb,/ˈsi/,To notice something with your eyes,I can see the mountains from here.,approved,
A1,small,adjective,/ˈsmɔl/,Not big in size,She lives in a small apartment.,approved,
A1,table,noun,/ˈteɪbəl/,A piece of furniture with a flat top and legs,Put the plates on the table.,approved,
A1,teacher,noun,/ˈtitʃər/,A person whose job is to teach,My teacher is very kind.,approved,
A1,today,adverb,/təˈdeɪ/,On this day,I feel great today.,approved,
A1,walk,verb,/ˈwɔk/,To move forward by putting one foot in front of the other,I walk to school every day.,approved,
A1,water,noun,/ˈwɔtər/,A clear liquid that people drink,Can I have a glass of water?,approved,
A1,woman,noun,/ˈwʊmən/,An adult female person,The woman next door is a doctor.,approved,
A1,work,verb,/ˈwɜrk/,To do a job to earn money,She works in a hospital.,approved,
A2,across,adverb,/əˈkrɔs/,From one side to the other,He walked across the street quickly.,approved,
A2,afraid,adjective,/əˈfreɪd/,Feeling fear about something,She is afraid of big dogs.,approved,
A2,agree,verb,/əˈɡri/,To think the same way as someone else,I agree with your plan.,approved,
A2,answer,noun,/ˈænsər/,A reply to a question,I gave the wrong answer on the test.,approved,
A2,beautiful,adjective,/ˈbjutəfəl/,Very attractive or pleasing to look at,What a beautiful sunset!,approved,
A2,believe,verb,/bɪˈliv/,To think that something is true,I believe her story.,approved,
A2,bridge,noun,/ˈbrɪdʒ/,A structure built over a river or road,We walked across the old bridge.,approved,
A2,build,verb,/ˈbɪld/,To make something by putting parts together,They will build a new hospital here.,approved,
A2,camera,noun,/ˈkæmərə/,A device used to take photos or make videos,She takes her camera on every trip.,approved,
A2,cheap,adjective,/ˈtʃip/,Not costing much money,I bought some cheap shoes yesterday.,approved,
A2,choose,verb,/ˈtʃuz/,To pick one thing from a group,Please choose a color you like.,approved,
A2,clean,adjective,/ˈklin/,Free from dirt,The kitchen looks clean now.,approved,
A2,culture,noun,/ˈkʌltʃər/,"The customs, beliefs, and arts of a society",I am learning about Japanese culture.,approved,
A2,customer,noun,/ˈkʌstəmər/,A person who buys something from a shop,The customer paid with a card.,approved,
A2,dangerous,adjective,/ˈdeɪndʒərəs/,Able to hurt or harm someone,It is dangerous to swim here.,approved,
A2,decide,verb,/dɪˈsaɪd/,To choose something after thinking about it,I decided to study English.,approved,
A2,dinner,noun,/ˈdɪnər/,The main meal of the day,We had dinner at seven o'clock.,approved,
A2,early,adverb,/ˈɜrli/,Before the usual time,I woke up early this morning.,approved,
A2,empty,adjective,/ˈɛmpti/,Having nothing inside,The bottle is empty now.,approved,
A2,exam,noun,/ɪɡˈzæm/,A test of what you have learned,I passed my math exam yesterday.,approved,
A2,forget,verb,/fərˈɡɛt/,To not remember something,Do not forget your keys.,approved,
A2,future,noun,/ˈfjutʃər/,The time that will come after the present,What do you want to do in the future?,approved,
A2,garden,noun,/ˈɡɑrdən/,A piece of land with plants and flowers,We grow tomatoes in our garden.,approved,
A2,healthy,adjective,/ˈhɛlθi/,In good physical condition; not sick,Eating vegetables helps you stay healthy.,approved,
A2,heavy,adjective,/ˈhɛvi/,Weighing a lot,This box is too heavy to lift.,approved,
A2,holiday,noun,/ˈhɑləˌdeɪ/,A time when people do not work or go to school,We went to Italy on holiday.,approved,
A2,hospital,noun,/ˈhɑˌspɪtəl/,A place where sick people go for care,My aunt works at the hospital.,approved,
A2,invite,verb,/ɪnˈvaɪt/,To ask someone to come to an event,I want to invite you to my party.,approved,
A2,journey,noun,/ˈdʒɜrni/,A long trip from one place to another,The journey took three hours by train.,approved,
A2,language,noun,/ˈlæŋɡwədʒ/,The words people use to speak or write,Spanish is a beautiful language.,approved,
A2,laugh,verb,/ˈlæf/,To make sounds when something is funny,The kids laugh at his jokes.,approved,
A2,letter,noun,/ˈlɛtər/,A written message sent to someone,She wrote a letter to her friend.,approved,
A2,lucky,adjective,/ˈlʌki/,Having good things happen by chance,I feel lucky to have this job.,approved,
A2,market,noun,/ˈmɑrkət/,A place where people buy and sell things,We bought fruit at the market.,approved,
A2,museum,noun,/mjuˈziəm/,A building where old or important objects are shown,The museum has many old paintings.,approved,
A2,nervous,adjective,/ˈnɜrvəs/,Worried or anxious about something,She was nervous before her exam.,approved,
A2,noisy,adjective,/ˈnɔɪzi/,Making a lot of loud sound,The street is very noisy at night.,approved,
A2,office,noun,/ˈɔfəs/,A place where people work at desks,Her office is on the third floor.,approved,
A2,picture,noun,/ˈpɪktʃər/,"A drawing, painting, or photo",He drew a picture of a horse.,approved,
A2,practice,verb,/ˈpræktəs/,To do something repeatedly in order to improve,You should practice speaking English every day.,approved,
A2,problem,noun,/ˈprɑbləm/,A situation that is difficult and needs to be solved,We need to find a solution to this problem.,approved,
A2,quiet,adjective,/ˈkwaɪət/,Making little or no sound,The library is a quiet place.,approved,
A2,remember,verb,/rɪˈmɛmbər/,To keep something in your mind,I remember my first day of school.,approved,
A2,restaurant,noun,/ˈrɛstərˌɑnt/,A place where you pay to eat meals,We ate at a Chinese restaurant.,approved,
A2,sleep,verb,/ˈslip/,To close your eyes and rest at night,I sleep eight hours every night.,approved,
A2,special,adjective,/ˈspɛʃəl/,Different from what is usual; important,Today is a very special occasion.,approved,
A2,start,verb,/ˈstɑrt/,To begin doing something,The movie starts at eight o'clock.,approved,
A2,strong,adjective,/ˈstrɔŋ/,Having a lot of power or force,My brother is very strong.,approved,
A2,understand,verb,/ˌʌndərˈstænd/,To know what something means,I understand French but I can't speak it.,approved,
A2,weather,noun,/ˈwɛðər/,"The conditions outside, such as rain, sun, or wind",The weather is sunny today.,approved,
B1,achieve,verb,/əˈtʃiv/,To succeed in doing something after effort,She worked hard to achieve her goals.,approved,
B1,advice,noun,/ædˈvaɪs/,An idea about what someone should do,My dad gave me good advice about jobs.,approved,
B1,allow,verb,/əˈlaʊ/,To let someone do something,My parents allow me to stay up late.,approved,
B1,appointment,noun,/əˈpɔɪntmənt/,A time you have arranged to meet someone,I have a doctor's appointment at two.,approved,
B1,argue,verb,/ˈɑrɡju/,To speak angrily with someone,They argue about money all the time.,approved,
B1,assume,verb,/əˈsum/,To believe something is true without proof,Don't assume that everyone agrees with you.,approved,
B1,attention,noun,/əˈtɛnʃən/,The act of watching or listening carefully,Please pay attention to the teacher.,approved,
B1,average,adjective,/ˈævərɪdʒ/,Normal or usual,He is a student of average height.,approved,
B1,budget,noun,/ˈbʌdʒɪt/,A plan for how to spend money,Our family has a monthly budget.,approved,
B1,charge,verb,/ˈtʃɑrdʒ/,To ask for a price for something,The store charges ten dollars for that shirt.,approved,
B1,community,noun,/kəˈmjunəti/,A group of people who live in the same area,Our community holds a fair every summer.,approved,
B1,complain,verb,/kəmˈpleɪn/,To say you are not happy about something,She complained about the cold food.,approved,
B1,confident,adjective,/ˈkɑnfədənt/,Sure about your ability to do something,She feels confident before the exam.,approved,
B1,consequence,noun,/ˈkɑnsəkwəns/,A result or effect of an action,There are serious consequences for breaking the rules.,approved,
B1,consider,verb,/kənˈsɪdər/,To think about something carefully,I am considering a new job.,approved,
B1,convince,verb,/kənˈvɪns/,To make someone believe something,He convinced me to try the food.,approved,
B1,describe,verb,/dɪˈskraɪb/,To say what someone or something is like,Can you describe the man you saw?,approved,
B1,develop,verb,/dɪˈvɛləp/,To grow or make something grow over time,Children develop skills through play.,approved,
B1,discover,verb,/dɪˈskʌvər/,To find something for the first time,Scientists discovered a new planet.,approved,
B1,economy,noun,/ɪˈkɑnəmi/,The system by which a country manages its money and trade,The country's economy has been growing steadily.,approved,
B1,encourage,verb,/ɛnˈkɜrɪdʒ/,To give someone hope or support to do something,My coach encouraged me to keep training.,approved,
B1,environment,noun,/ɪnˈvaɪrənmənt/,"The natural world around us, including air, water, and land",We must protect the environment for future generations.,approved,
B1,equipment,noun,/ɪˈkwɪpmənt/,The tools or objects needed for a job,The gym has new fitness equipment.,approved,
B1,expect,verb,/ɪkˈspɛkt/,To think that something will happen,I expect the train to arrive soon.,approved,
B1,experience,noun,/ɪkˈspɪriəns/,Knowledge gained from doing something,She has ten years of teaching experience.,approved,
B1,generation,noun,/ˌdʒɛnərˈeɪʃən/,All the people born around the same time,My grandmother's generation grew up without phones.,approved,
B1,government,noun,/ˈɡʌvərmənt/,The group of people who run a country,The government built a new road here.,approved,
B1,imagine,verb,/ɪˈmædʒən/,To form a picture of something in your mind,Imagine living on a small island.,approved,
B1,improve,verb,/ɪmˈpruv/,To make something better,I want to improve my English writing.,approved,
B1,industry,noun,/ˈɪndəstri/,The business of making products in factories,The car industry employs many workers.,approved,
B1,influence,verb,/ˈɪnfluəns/,To have an effect on someone or something,Social media can influence people's opinions.,approved,
B1,knowledge,noun,/ˈnɑlədʒ/,The information a person knows,She has deep knowledge of history.,approved,
B1,manage,verb,/ˈmænədʒ/,To be in charge of something,He manages a small hotel by the sea.,approved,
B1,negotiate,verb,/nəˈɡoʊʃiˌeɪt/,To discuss something to try to reach an agreement,They negotiated a better salary with their employer.,approved,
B1,opportunity,noun,/ˌɑpərˈtunəti/,A chance to do something good or useful,This job is a great opportunity to learn new skills.,approved,
B1,organize,verb,/ˈɔrɡəˌnaɪz/,To plan and arrange something,She organized the school trip.,approved,
B1,pollution,noun,/pəˈluʃən/,"Dirty air, water, or land caused by people",Cars cause a lot of pollution in cities.,approved,
B1,popular,adjective,/ˈpɑpjələr/,Liked by many people,Pizza is a popular food for kids.,approved,
B1,prefer,verb,/prəˈfɜr/,To like one thing more than another,I prefer tea to coffee.,approved,
B1,pressure,noun,/ˈprɛʃər/,A strong feeling of stress or worry,He feels pressure from his boss at work.,approved,
B1,progress,noun,/ˈprɑˌɡrɛs/,Movement toward a goal,She is making good progress in class.,approved,
B1,recommend,verb,/ˌrɛkəˈmɛnd/,To suggest something as a good choice,I recommend this book to all my friends.,approved,
B1,reduce,verb,/rəˈdus/,To make something smaller in size or amount,We need to reduce our water use.,approved,
B1,research,noun,/riˈsɜrtʃ/,A careful study to learn new facts,Her research is about ocean life.,approved,
B1,responsible,adjective,/riˈspɑnsəbəl/,Being the person who must take care of something,He is responsible for the whole team.,approved,
B1,salary,noun,/ˈsæləri/,Money a person earns from their job each month,Her salary went up last year.,approved,
B1,significant,adjective,/səɡˈnɪfɪkənt/,Important or large enough to have a noticeable effect,There has been a significant improvement in her grades.,approved,
B1,society,noun,/səˈsaɪəti/,A large group of people who share laws and customs,Modern society depends on the internet.,approved,
B1,suggest,verb,/səɡˈdʒɛst/,To give an idea for someone to think about,I suggest we leave before dark.,approved,
B1,traditional,adjective,/trəˈdɪʃənəl/,Relating to customs or beliefs passed down over time,We had a traditional meal for the holiday.,approved,
B2,acknowledge,verb,/ækˈnɑlɪdʒ/,To accept or admit that something is true,He acknowledged that he had made a mistake.,approved,
B2,advocate,verb,/ˈædvəkət/,To publicly support an idea or plan,The mayor advocates cleaner streets.,approved,
B2,allocate,verb,/ˈæləˌkeɪt/,To give resources or time for a purpose,The company allocates funds to training.,approved,
B2,analyze,verb,/ˈænəˌlaɪz/,To study something in detail to understand it,Scientists analyze data from the study.,approved,
B2,appreciate,verb,/əˈpriʃiˌeɪt/,To be thankful for something,I appreciate all your help this week.,approved,
B2,assess,verb,/əˈsɛs/,To judge the quality or value of something,Teachers assess student progress each term.,approved,
B2,authority,noun,/əˈθɔrəti/,The power to make decisions or give orders,The judge has the authority to rule.,approved,
B2,beneficial,adjective,/ˌbɛnəˈfɪʃəl/,Having a good effect,Exercise is beneficial for your heart.,approved,
B2,circumstance,noun,/ˈsɜrkəmˌstæns/,A fact or condition that affects a situation,"Under normal circumstances, she takes the bus.",approved,
B2,coherent,adjective,/koʊˈhɪrənt/,Clear and easy to follow because parts fit together,She gave a coherent answer to every question.,approved,
B2,collaborate,verb,/kəˈlæbərˌeɪt/,To work with someone to achieve a goal,The two teams collaborate on the project.,approved,
B2,comprehensive,adjective,/ˌkɑmpriˈhɛnsɪv/,Including many parts or details,The report gave a comprehensive review of costs.,approved,
B2,contradict,verb,/ˌkɑntrəˈdɪkt/,To say the opposite of what someone else said,His story contradicts what she told police.,approved,
B2,controversy,noun,/ˈkɑntrəˌvɜrsi/,Strong public disagreement about something,The new law has caused considerable controversy.,approved,
B2,criteria,noun,/kraɪˈtɪriə/,The standards used to judge something,The judges have strict criteria for winners.,approved,
B2,currency,noun,/ˈkɜrənsi/,The money used in a country,The yen is the currency of Japan.,approved,
B2,deliberate,adjective,/dɪˈlɪbərət/,Done on purpose,That was a deliberate mistake by the writer.,approved,
B2,demonstrate,verb,/ˈdɛmənˌstreɪt/,To show or prove something clearly,The experiment demonstrates how light bends in water.,approved,
B2,distinguish,verb,/dɪˈstɪŋɡwɪʃ/,To see the difference between two things,Babies can distinguish their mother's voice.,approved,
B2,diverse,adjective,/daɪˈvɜrs/,Very different from each other,Our class has students from diverse backgrounds.,approved,
B2,efficiently,adverb,/ɪˈfɪʃəntli/,In a way that achieves results without wasting time or effort,She managed the project very efficiently.,approved,
B2,emphasize,verb,/ˈɛmfəˌsaɪz/,To show that something is very important,The coach emphasized teamwork before the game.,approved,
B2,enforce,verb,/ɛnˈfɔrs/,To make people follow a rule or law,Police enforce traffic laws in the city.,approved,
B2,evaluate,verb,/ɪˈvæljuˌeɪt/,To judge how good or useful something is,We need to evaluate the new software.,approved,
B2,expertise,noun,/ˌɛkspərˈtiz/,Special skill or knowledge in an area,Her expertise in law helped the case.,approved,
B2,fluctuate,verb,/ˈflʌktʃəˌweɪt/,To change often in level or amount,Gas prices fluctuate every week.,approved,
B2,framework,noun,/ˈfreɪmˌwɜrk/,A basic structure of ideas or rules,The law provides a framework for fair trade.,approved,
B2,fundamental,adjective,/ˌfʌndəˈmɛntəl/,Forming a base that other things rest on,Reading is a fundamental skill for children.,approved,
B2,hypothesis,noun,/haɪˈpɑθəsəs/,An idea that is suggested as a possible explanation and needs to be tested,Scientists must test their hypothesis with experiments.,approved,
B2,implication,noun,/ˌɪmpləˈkeɪʃən/,A possible result or effect of an action or decision,Have you considered all the implications of this decision?,approved,
B2,inevitable,adjective,/ɪˈnɛvətəbəl/,Certain to happen and impossible to avoid,Change is inevitable in any growing organization.,approved,
B2,initiative,noun,/ɪˈnɪʃətɪv/,A new plan started to solve a problem,The city launched a recycling initiative.,approved,
B2,innovative,adjective,/ˈɪnəˌveɪtɪv/,Using new ideas or methods,Her innovative design won an award.,approved,
B2,integrate,verb,/ˈɪntəˌɡreɪt/,To combine two or more things into one,The school integrates art into science lessons.,approved,
B2,legislation,noun,/ˌlɛdʒəˈsleɪʃən/,A law or set of laws,New legislation will protect workers.,approved,
B2,objective,noun,/əbˈdʒɛktɪv/,A goal that you want to reach,Our main objective is to raise money.,approved,
B2,perceive,verb,/pərˈsiv/,To notice or understand something,People perceive her as very kind.,approved,
B2,perspective,noun,/pərˈspɛktɪv/,A particular way of considering something,Try to see the situation from the other person's perspective.,approved,
B2,phenomenon,noun,/fəˈnɑməˌnɑn/,A fact or event that exists and can be observed,Social media is a fascinating cultural phenomenon.,approved,
B2,precise,adjective,/prɪˈsaɪs/,Exact and correct in every detail,Give me the precise time of the meeting.,approved,
B2,prioritize,verb,/praɪˈɔrəˌtaɪz/,To decide which task to do first,You must prioritize your homework tonight.,approved,
B2,reluctant,adjective,/rɪˈlʌktənt/,Not wanting to do something,She was reluctant to speak in class.,approved,
B2,resolve,verb,/riˈzɑlv/,To find an answer to a problem,We must resolve this issue by Friday.,approved,
B2,revenue,noun,/ˈrɛvəˌnu/,Money a company or government earns,The store's revenue grew last quarter.,approved,
B2,strategy,noun,/ˈstrætədʒi/,A plan to reach a goal,The team has a new strategy to win.,approved,
B2,subsequent,adjective,/ˈsʌbsəkwənt/,Coming after something else in time,The first meeting and subsequent talks went well.,approved,
B2,substantial,adjective,/səbˈstæntʃəl/,Large in size or amount,He earned a substantial bonus this year.,approved,
B2,sustainable,adjective,/səˈsteɪnəbəl/,Able to continue without damaging the environment or depleting resources,We need more sustainable energy sources to fight climate change.,approved,
B2,transparent,adjective,/trænˈspɛrənt/,Open and easy to understand,We want a transparent hiring process.,approved,
B2,undermine,verb,/ˈʌndərˌmaɪn/,To make something weaker or less effective,Rumors undermine trust in the team.,approved,
C1,acquiesce,verb,/ˌækwiˈɛs/,To agree quietly without protest,He acquiesced to the new office rules.,approved,
C1,aesthetic,adjective,/ɛsˈθɛtɪk/,Relating to beauty or the look of art,The building has strong aesthetic appeal.,approved,
C1,ambivalent,adjective,/æmˈbɪvələnt/,Having mixed or contradictory feelings about something,She felt ambivalent about leaving her hometown for the new job.,approved,
C1,anomaly,noun,/əˈnɑməli/,Something that is different from what is normal,The warm January was a weather anomaly.,approved,
C1,apprehensive,adjective,/ˌæprɪˈhɛnsɪv/,Worried about something that may happen,She felt apprehensive about her first flight.,approved,
C1,arduous,adjective,/ˈɑrdʒuəs/,"Requiring a lot of hard, tiring effort",The arduous hike took two full days.,approved,
C1,articulate,adjective,/ɑrˈtɪkjəˌleɪt/,Able to express ideas clearly and effectively,She is a very articulate speaker who explains ideas clearly.,approved,
C1,catalyst,noun,/ˈkætələst/,Something that causes or speeds up a change or event,The financial crisis was a catalyst for major policy reform.,approved,
C1,cohesive,adjective,/koʊˈhisɪv/,Joined together as one strong whole,The staff formed a cohesive team.,approved,
C1,compelling,adjective,/kəmˈpɛlɪŋ/,Very interesting and hard to stop reading,She wrote a compelling story about war.,approved,
C1,concurrent,adjective,/kənˈkɜrənt/,Happening at the same time,The two concurrent meetings ended at noon.,approved,
C1,conducive,adjective,/kənˈdusɪv/,Helping to make something happen,Quiet rooms are conducive to study.,approved,
C1,conjecture,noun,/kənˈdʒɛktʃər/,A guess made without full proof,His theory is based on pure conjecture.,approved,
C1,corroborate,verb,/kərˈɑbərˌeɪt/,To provide proof that supports a claim,Two witnesses corroborate her story.,approved,
C1,delineate,verb,/dɪˈlɪniˌeɪt/,To describe something in careful detail,The map delineates the town's borders.,approved,
C1,disparate,adjective,/ˈdɪspərɪt/,Very different in kind,The book brings together disparate ideas.,approved,
C1,dogmatic,adjective,/dɑɡˈmætɪk/,Sure your beliefs are right without doubt,He is dogmatic about his diet rules.,approved,
C1,eloquent,adjective,/ˈɛləkwənt/,Expressing ideas fluently and in a way that is persuasive or moving,Her eloquent speech moved the entire audience.,approved,
C1,empirical,adjective,/ˌɛmˈpɪrɪkəl/,"Based on what you observe, not on theory",The study offers empirical evidence for the drug.,approved,
C1,exacerbate,verb,/ɪɡˈzæsərˌbeɪt/,To make a bad situation worse,Loud noise exacerbates his headaches.,approved,
C1,exemplify,verb,/ɪɡˈzɛmpləˌfaɪ/,To be a typical example of something,Her work exemplifies modern art.,approved,
C1,extrapolate,verb,/ɪkˈstræpəˌleɪt/,To use known facts to guess about unknown ones,We extrapolate future sales from past data.,approved,
C1,facilitate,verb,/fəˈsɪləˌteɪt/,To make an action or process easier,The app facilitates group study sessions.,approved,
C1,impede,verb,/ɪmˈpid/,To slow down or block progress,Heavy snow impeded the rescue effort.,approved,
C1,inherent,adjective,/ɪnˈhɪrənt/,Being a basic part of something's nature,There is an inherent risk in extreme sports.,approved,
C1,intrinsic,adjective,/ɪnˈtrɪnsɪk/,Belonging naturally to something,Art has intrinsic value beyond its price.,approved,
C1,juxtapose,verb,/ˌdʒʌkstəˈpoʊz/,To place two things close together for contrast,The film juxtaposes wealth and poverty.,approved,
C1,mitigate,verb,/ˈmɪtəˌɡeɪt/,"To make something less severe, serious, or painful",We must find ways to mitigate the effects of climate change.,approved,
C1,myriad,noun,/ˈmɪriəd/,A very large number of things,The forest has a myriad of insect species.,approved,
C1,nuance,noun,/ˈnuɑns/,"A subtle difference in meaning, expression, or sound",He appreciated the nuances of French cuisine.,approved,
C1,paradigm,noun,/ˈpɛrəˌdaɪm/,A model or pattern that represents how something works,The internet created a new paradigm for communication.,approved,
C1,pertinent,adjective,/ˈpɜrtɪnɪnt/,Directly related to the topic,She asked pertinent questions during the talk.,approved,
C1,plausible,adjective,/ˈplɔzəbəl/,Seeming reasonable or likely true,His excuse for being late was plausible.,approved,
C1,pragmatic,adjective,/præɡˈmætɪk/,Dealing with problems in a practical way rather than following fixed ideas,We need to take a more pragmatic approach to this problem.,approved,
C1,proliferate,verb,/proʊˈlɪfərˌeɪt/,To increase quickly in number,Coffee shops proliferate near the university.,approved,
C1,quintessential,adjective,/ˌkwɪntɪˈsɛnʃəl/,Being the perfect example of something,That song is the quintessential summer hit.,approved,
C1,reciprocal,adjective,/rɪˈsɪprəkəl/,Given and received in equal amounts,They have a reciprocal trade deal.,approved,
C1,reconcile,verb,/ˈrɛkənˌsaɪl/,To bring people or ideas back together,The couple decided to reconcile after months apart.,approved,
C1,redundant,adjective,/rɪˈdʌndənt/,Not needed because there is too much,That last sentence is redundant.,approved,
C1,reiterate,verb,/riˈɪtərˌeɪt/,To say something again for emphasis,Let me reiterate that safety comes first.,approved,
C1,resilient,adjective,/rɪˈzɪljənt/,Able to recover quickly from hard times,Children can be very resilient after loss.,approved,
C1,scrutinize,verb,/ˈskrutəˌnaɪz/,To examine something very carefully and critically,The committee scrutinized every detail of the proposal.,approved,
C1,skeptical,adjective,/ˈskɛptəkəl/,Having doubts about something,I am skeptical of his claims.,approved,
C1,stringent,adjective,/ˈstrɪndʒənt/,Strict and hard to meet,The lab has stringent safety rules.,approved,
C1,substantiate,verb,/səbˈstæntʃiˌeɪt/,To provide proof for a claim,He could not substantiate his story.,approved,
C1,synthesize,verb,/ˈsɪnθəˌsaɪz/,To combine ideas or facts into a whole,She synthesized data from ten reports.,approved,
C1,tangible,adjective,/ˈtændʒəbəl/,Real and able to be touched or seen,The team saw tangible results from training.,approved,
C1,tenuous,adjective,/ˈtɛnjəwəs/,Weak and easily broken,The link between the two events is tenuous.,approved,
C1,ubiquitous,adjective,/juˈbɪkwɪtəs/,Seeming to appear or exist everywhere at the same time,Smartphones have become ubiquitous in modern life.,approved,
C1,vindicate,verb,/ˈvɪndəkeɪt/,To show that someone was right after doubt,The new evidence vindicated the judge.,approved,
C2,antediluvian,adjective,,Extremely old or old-fashioned,His antediluvian phone still has a cord.,approved,ipa_missing
C2,apocryphal,adjective,/əˈpɑkrəfəl/,Widely told but probably not true,That story about the president is apocryphal.,approved,
C2,bombastic,adjective,/bɑmˈbæstɪk/,Using long words to sound important,His bombastic speech bored the crowd.,approved,
C2,cacophony,noun,/kæˈkɑfəni/,A loud and unpleasant mix of sounds,A cacophony of horns filled the street.,approved,
C2,chicanery,noun,/ʃɪˈkeɪnəri/,The use of tricks to deceive,The lawyer accused him of financial chicanery.,approved,
C2,cognizant,adjective,/ˈkɑɡnəzənt/,Aware of or knowing about something,She is cognizant of the risks involved.,approved,
C2,copacetic,adjective,,In good order or completely fine,"After the talk, everything felt copacetic.",approved,ipa_missing
C2,debacle,noun,/dəˈbɑkəl/,A complete and shameful failure,The launch turned into a public debacle.,approved,
C2,defenestrate,verb,,To throw someone out of a window,The angry king had his rival defenestrated.,approved,ipa_missing
C2,denouement,noun,/ˌdeɪˌnuˈmɑn/,The final part of a story where things are resolved,The novel's denouement surprised every reader.,approved,
C2,desultory,adjective,/ˈdɛsəlˌtɔri/,Done without plan or purpose,He made a desultory attempt at cleaning.,approved,
C2,diaphanous,adjective,/daɪˈæfənɪs/,Light and almost see-through,She wore a diaphanous silk scarf.,approved,
C2,echelon,noun,/ˈɛʃəˌlɑn/,A level or rank within an organization,He reached the top echelon of the firm.,approved,
C2,effervescent,adjective,/ˌɛfərˈvɛsənt/,Full of energy and excitement,Her effervescent laugh fills every room.,approved,
C2,egregious,adjective,/ɪˈɡridʒəs/,Very bad and easily noticed,The report contained egregious errors.,approved,
C2,ephemeral,adjective,/ɪˈfɛmərəl/,Lasting for a very short time,Fame can be ephemeral — enjoyed briefly and quickly forgotten.,approved,
C2,equivocate,verb,/ɪˈkwɪvəˌkeɪt/,To use ambiguous language to avoid commitment or to mislead,The politician equivocated rather than giving a direct answer.,approved,
C2,erudite,adjective,/ˈɛrəˌdaɪt/,Showing great knowledge from long study,The erudite professor spoke five languages.,approved,
C2,esoteric,adjective,/ˌɛsəˈtɛrɪk/,Known or understood by only a few,His research covers esoteric parts of physics.,approved,
C2,fastidious,adjective,/fæˈstɪdiəs/,Very concerned about small details,He is fastidious about his shoes staying clean.,approved,
C2,garrulous,adjective,/ˈɡɛrələs/,"Talking a lot, often about small things",My garrulous uncle told the same story twice.,approved,
C2,grandiloquent,adjective,/ɡrænˈdɪləkwənt/,Using fancy language to sound impressive,The mayor gave a grandiloquent farewell speech.,approved,
C2,hackneyed,adjective,/ˈhæknid/,Used so often it has lost meaning,The film relies on hackneyed jokes.,approved,
C2,iconoclast,noun,/ˌaɪˈkɑnəˌklæst/,A person who attacks common beliefs,The artist was an iconoclast of his time.,approved,
C2,ineffable,adjective,/ɪˈnɛfəbəl/,Too great to describe in words,She felt an ineffable joy at her wedding.,approved,
C2,inscrutable,adjective,/ɪnˈskrutəbəl/,Impossible to understand or read,His inscrutable face gave nothing away.,approved,
C2,lachrymose,adjective,,Likely to cry or make people cry,The lachrymose ending made me weep.,approved,ipa_missing
C2,limpid,adjective,,Clear and easy to see through,The limpid lake reflected the sky.,approved,ipa_missing
C2,maelstrom,noun,/ˈmeɪlstrəm/,A situation of great confusion or trouble,The country fell into a maelstrom of protest.,approved,
C2,mellifluous,adjective,,Sweet and smooth to hear,She has a mellifluous singing voice.,approved,ipa_missing
C2,nadir,noun,/ˈneɪdər/,The lowest point of something,That loss was the nadir of his career.,approved,
C2,obfuscate,verb,/ˈɑbfəˌskeɪt/,To make something hard to understand,The report obfuscates the real numbers.,approved,
C2,obsequious,adjective,/əbˈsikwiəs/,Trying too hard to please someone in power,The obsequious waiter praised every dish.,approved,
C2,panacea,noun,/ˌpænəˈsiə/,A solution said to fix all problems,Technology is not a panacea for schools.,approved,
C2,pellucid,adjective,,Very clear and easy to follow,The teacher gave a pellucid explanation.,approved,ipa_missing
C2,perfunctory,adjective,/pərˈfʌŋktəri/,Done quickly with little care,He gave a perfunctory nod and left.,approved,
C2,perspicacious,adjective,/pərspəˈkeɪʃəs/,Having a ready insight; showing great mental penetration or discernment,A perspicacious observer noticed the flaw in the argument immediately.,approved,
C2,propitious,adjective,/prəˈpɪʃəs/,Giving a good chance of success; favorable,The clear skies were propitious for the outdoor ceremony.,approved,
C2,pusillanimous,adjective,/pjusəˈlænəməs/,Showing a lack of courage,His pusillanimous silence angered the crowd.,approved,
C2,quixotic,adjective,/kwɪkˈsɑtɪk/,Full of hope but unlikely to succeed,Her quixotic plan to end hunger inspired many.,approved,
C2,recalcitrant,adjective,/rɪˈkælsɪtrənt/,Refusing to obey or cooperate,The recalcitrant student ignored the teacher.,approved,
C2,salubrious,adjective,,Good for your health,The town has a salubrious mountain climate.,approved,ipa_missing
C2,sanguine,adjective,/ˈsæŋɡwɪn/,Hopeful and positive about the future,She remains sanguine about the election.,approved,
C2,solipsism,noun,,The philosophical idea that only one's own mind is certain to exist,His solipsism made it difficult for him to empathize with others.,approved,ipa_missing
C2,soporific,adjective,,Making you feel sleepy,The long lecture had a soporific effect.,approved,ipa_missing
C2,surreptitious,adjective,/ˌsɜrəpˈtɪʃəs/,Done in secret to avoid notice,He took a surreptitious photo of the painting.,approved,
C2,sycophant,noun,,A person who flatters others excessively to gain advantage,"Surrounded by sycophants, the leader never heard honest advice.",approved,ipa_missing
C2,truculent,adjective,/ˈtrʌkjələnt/,Quick to argue or become violent,The truculent fan shouted at the referee.,approved,
C2,vicissitude,noun,/ˌvɪˈsɪsɪtud/,"A change in circumstances, often unwelcome",He faced the vicissitudes of army life.,approved,
C2,zephyr,noun,/ˈzɛfər/,"A soft, gentle breeze",A cool zephyr moved through the trees.,approved,
