date,num,word,vowels,has_double,first,pattern,difficulty
2026-08-16,1884,ASPIC,2,False,A,VCCVC,103.93
2026-08-15,1883,LOOSE,3,True,L,CVVCV,81.2
2026-08-14,1882,GEODE,3,True,G,CVVCV,107.57
2026-08-13,1881,CRASH,1,False,C,CCVCC,100.58
2026-08-12,1880,WIMPY,1,False,W,CVCCC,183.72
2026-08-11,1879,FENCE,2,True,F,CVCCV,120.49
2026-08-10,1878,SNIPE,2,False,S,CCVCV,97.59
2026-08-09,1877,CLUNK,1,False,C,CCVCC,151.77
2026-08-08,1876,PRIVY,1,False,P,CCVCC,177.97
2026-08-07,1875,FEIGN,2,False,F,CVVCC,133.14
2026-08-06,1874,GRIPE,2,False,G,CCVCV,109.12
2026-08-05,1873,POSIT,2,False,P,CVCVC,98.69
2026-08-04,1872,MOTIF,2,False,M,CVCVC,133.55
2026-08-03,1871,REPLY,1,False,R,CVCCC,107.22
2026-08-02,1870,PENAL,2,False,P,CVCVC,89.51
2026-08-01,1869,SLUSH,1,True,S,CCVCC,119.07
2026-07-31,1868,PURSE,2,False,P,CVCCV,98.46
2026-07-30,1867,FLUME,2,False,F,CCVCV,136.11
2026-07-29,1866,VALVE,2,True,V,CVCCV,205.73
2026-07-28,1865,SONAR,2,False,S,CVCVC,77.82
2026-07-27,1864,POSER,2,False,P,CVCVC,88.2
2026-07-26,1863,GRAPE,2,False,G,CCVCV,103.19
2026-07-25,1862,ALOHA,3,True,A,VCVCV,90.6
2026-07-24,1861,PUTTY,1,True,P,CVCCC,132.93
2026-07-23,1860,ORBIT,2,False,O,VCCVC,102.54
2026-07-22,1859,LORRY,1,True,L,CVCCC,101.38
2026-07-21,1858,SHILL,1,True,S,CCVCC,109.18
2026-07-20,1857,DIVER,2,False,D,CVCVC,148.01
2026-07-19,1856,CHURN,1,False,C,CCVCC,116.19
2026-07-18,1855,BOOTH,2,True,B,CVVCC,123.49
2026-07-17,1854,LEGAL,2,True,L,CVCVC,97.23
2026-07-16,1853,BUTTE,2,True,B,CVCCV,114.85
2026-07-15,1852,PSHAW,1,False,P,CCCVC,157.62
2026-07-14,1851,STEAK,2,False,S,CCVVC,115.77
2026-07-13,1850,STOUT,2,True,S,CCVVC,97.16
2026-07-12,1849,CLACK,1,True,C,CCVCC,150.15
2026-07-11,1848,AVIAN,3,True,A,VCVVC,147.05
2026-07-10,1847,CANAL,2,True,C,CVCVC,91.18
2026-07-09,1846,AMEND,2,False,A,VCVCC,106.28
2026-07-08,1845,DEMON,2,False,D,CVCVC,109.7
2026-07-07,1844,SLING,1,False,S,CCVCC,113.14
2026-07-06,1843,TODDY,1,True,T,CVCCC,133.77
2026-07-05,1842,SWAMI,2,False,S,CCVCV,144.54
2026-07-04,1841,PIZZA,2,True,P,CVCCV,605.31
2026-07-03,1840,BATON,2,False,B,CVCVC,103.48
2026-07-02,1839,MAVEN,2,False,M,CVCVC,155.14
2026-07-01,1838,DEMUR,2,False,D,CVCVC,113.09
2026-06-30,1837,PUPPY,1,True,P,CVCCC,167.48
2026-06-29,1836,CRUDE,2,False,C,CCVCV,101.36
2026-06-28,1835,EMCEE,3,True,E,VCCVV,95.63
2026-06-27,1834,SCOOP,2,True,S,CCVVC,112.83
2026-06-26,1833,ACUTE,3,False,A,VCVCV,85.51
2026-06-25,1832,UNITY,2,False,U,VCVCC,109.26
2026-06-24,1831,QUEER,3,True,Q,CVVVC,411.45
2026-06-23,1830,CURRY,1,True,C,CVCCC,119.77
2026-06-22,1829,OVATE,3,False,O,VCVCV,129.64
2026-06-21,1828,ALIBI,3,True,A,VCVCV,111.92
2026-06-20,1827,DRAKE,2,False,D,CCVCV,125.01
2026-06-19,1826,EMOJI,3,False,E,VCVCV,532.27
2026-06-18,1825,ENTRY,1,False,E,VCCCC,94.02
2026-06-17,1824,TOKEN,2,False,T,CVCVC,121.11
2026-06-16,1823,AMAZE,3,True,A,VCVCV,343.92
2026-06-15,1822,BROIL,2,False,B,CCVVC,103.07
2026-06-14,1821,SEPIA,3,False,S,CVCVV,89.06
2026-06-13,1820,QUELL,2,True,Q,CVVCC,420.99
2026-06-12,1819,BREAK,2,False,B,CCVVC,136.9
2026-06-11,1818,TESTY,1,True,T,CVCCC,102.36
2026-06-10,1817,ALIGN,2,False,A,VCVCC,101.53
2026-06-09,1816,WHARF,1,False,W,CCVCC,169.82
2026-06-08,1815,MAFIA,3,True,M,CVCVV,134.2
2026-06-07,1814,THUMB,1,False,T,CCVCC,151.66
2026-06-06,1813,MORPH,1,False,M,CVCCC,130.33
2026-06-05,1812,NOBLY,1,False,N,CVCCC,128.59
2026-06-04,1811,ALLOY,2,True,A,VCCVC,97.51
2026-06-03,1810,NOTCH,1,False,N,CVCCC,108.19
2026-06-02,1809,BASIS,2,True,B,CVCVC,114.75
2026-06-01,1808,CHILI,2,True,C,CCVCV,111.63
2026-05-31,1807,ETUDE,3,True,E,VCVCV,96.75
2026-05-30,1806,SMILE,2,False,S,CCVCV,96.62
2026-05-29,1805,CLANG,1,False,C,CCVCC,113.19
2026-05-28,1804,DIVOT,2,False,D,CVCVC,155.98
2026-05-27,1803,STUFF,1,True,S,CCVCC,171.51
2026-05-26,1802,COUCH,2,True,C,CVVCC,124.99
2026-05-25,1801,VISIT,2,True,V,CVCVC,158.98
2026-05-24,1800,NIECE,3,True,N,CVVCV,88.07
2026-05-23,1799,CHUCK,1,True,C,CCVCC,176.5
2026-05-22,1798,VOCAL,2,False,V,CVCVC,149.04
2026-05-21,1797,AGREE,3,True,A,VCCVV,87.7
2026-05-20,1796,WRECK,1,False,W,CCVCC,174.56
2026-05-19,1795,DUSTY,1,False,D,CVCCC,124.52
2026-05-18,1794,LOATH,2,False,L,CVVCC,86.53
2026-05-17,1793,BYLAW,1,False,B,CCCVC,166.72
2026-05-16,1792,MOVER,2,False,M,CVCVC,151.69
2026-05-15,1791,CREED,2,True,C,CCVVC,93.39
2026-05-14,1790,WAVER,2,False,W,CVCVC,174.04
2026-05-13,1789,DOWDY,1,True,D,CVCCC,179.92
2026-05-12,1788,CLOCK,1,True,C,CCVCC,153.56
2026-05-11,1787,NEWLY,1,False,N,CVCCC,142.97
2026-05-10,1786,PARKA,2,True,P,CVCCV,138.39
2026-05-09,1785,SATIN,2,False,S,CVCVC,82.6
2026-05-08,1784,UMBRA,2,False,U,VCCCV,127.26
2026-05-07,1783,BUDGE,2,False,B,CVCCV,142.12
2026-05-06,1782,LIKEN,2,False,L,CVCVC,124.15
2026-05-05,1781,LATCH,1,False,L,CVCCC,100.7
2026-05-04,1780,RISER,2,True,R,CVCVC,79.17
2026-05-03,1779,PUFFY,1,True,P,CVCCC,201.77
2026-05-02,1778,BRING,1,False,B,CCVCC,133.74
2026-05-01,1777,PLUME,2,False,P,CCVCV,118.97
2026-04-30,1776,CROCK,1,True,C,CCVCC,150.77
2026-04-29,1775,RURAL,2,True,R,CVCVC,87.06
2026-04-28,1774,QUACK,2,False,Q,CVVCC,468.88
2026-04-27,1773,EERIE,4,True,E,VVCVV,69.33
2026-04-26,1772,GLOSS,1,True,G,CCVCC,116.69
2026-04-25,1771,WOMEN,2,False,W,CVCVC,141.66
2026-04-24,1770,DRUNK,1,False,D,CCVCC,154.52
2026-04-23,1769,TWEET,2,True,T,CCVVC,118.97
2026-04-22,1768,SNORE,2,False,S,CCVCV,75.53
2026-04-21,1767,CLUMP,1,False,C,CCVCC,138.84
2026-04-20,1766,WEAVE,3,True,W,CVVCV,178.09
2026-04-19,1765,STAND,1,False,S,CCVCC,99.79
2026-04-18,1764,TOADY,2,False,T,CVVCC,102.65
2026-04-17,1763,BELLE,2,True,B,CVCCV,99.93
2026-04-16,1762,CUBIT,2,False,C,CVCVC,123.73
2026-04-15,1761,BEGUN,2,False,B,CVCVC,132.54
2026-04-14,1760,CYCLE,1,True,C,CCCCV,117.52
2026-04-13,1759,ELFIN,2,False,E,VCCVC,112.58
2026-04-12,1758,ALLEY,2,True,A,VCCVC,91.81
2026-04-11,1757,PRUDE,2,False,P,CCVCV,109.98
2026-04-10,1756,CAROM,2,False,C,CVCVC,99.58
2026-04-09,1755,LADEN,2,False,L,CVCVC,86.42
2026-04-08,1754,INLET,2,False,I,VCCVC,78.16
2026-04-07,1753,DENSE,2,True,D,CVCCV,94.28
2026-04-06,1752,SWORN,1,False,S,CCVCC,132.9
2026-04-05,1751,ENVOY,2,False,E,VCCVC,153.83
2026-04-04,1750,SANDY,1,False,S,CVCCC,115.44
2026-04-03,1749,SINGE,2,False,S,CVCCV,101.39
2026-04-02,1748,SOBER,2,False,S,CVCVC,96.99
2026-04-01,1747,FIZZY,1,True,F,CVCCC,647.04
2026-03-31,1746,SWAMP,1,False,S,CCVCC,164.81
2026-03-30,1745,COMET,2,False,C,CVCVC,99.56
2026-03-29,1744,CHUMP,1,False,C,CCVCC,151.52
2026-03-28,1743,AFOOT,3,True,A,VCVVC,114.71
2026-03-27,1742,IVORY,2,False,I,VCVCC,155.18
2026-03-26,1741,BEFIT,2,False,B,CVCVC,133.52
2026-03-25,1740,WISER,2,False,W,CVCVC,119.59
2026-03-24,1739,BROOD,2,True,B,CCVVC,122.21
2026-03-23,1738,SERIF,2,False,S,CVCVC,107.86
2026-03-22,1737,BASIL,2,False,B,CVCVC,104.6
2026-03-21,1736,SLICK,1,False,S,CCVCC,142.1
2026-03-20,1735,OASIS,3,True,O,VVCVC,88.16
2026-03-19,1734,REHAB,2,False,R,CVCVC,104.1
2026-03-18,1733,AMPLY,1,False,A,VCCCC,132.16
2026-03-17,1732,CLASP,1,False,C,CCVCC,107.45
2026-03-16,1731,DRAMA,2,True,D,CCVCV,109.7
2026-03-15,1730,GRADE,2,False,G,CCVCV,100.1
2026-03-14,1729,ANKLE,2,False,A,VCCCV,118.22
2026-03-13,1728,EATEN,3,True,E,VVCVC,73.49
2026-03-12,1727,SMELL,1,True,S,CCVCC,108.14
2026-03-11,1726,TEDDY,1,True,T,CVCCC,128.06
2026-03-10,1725,SHOAL,2,False,S,CCVVC,89.21
2026-03-09,1724,HASTY,1,False,H,CVCCC,109.85
2026-03-08,1723,LOBBY,1,True,L,CVCCC,158.06
2026-03-07,1722,VOGUE,3,False,V,CVCVV,168.4
2026-03-06,1721,GUNKY,1,False,G,CVCCC,179.33
2026-03-05,1720,SHEEP,2,True,S,CCVVC,105.96
2026-03-04,1719,THEFT,1,True,T,CCVCC,131.65
2026-03-03,1718,LINEN,2,True,L,CVCVC,90.77
2026-03-02,1717,SLIME,2,False,S,CCVCV,96.62
2026-03-01,1716,FLUKE,2,False,F,CCVCV,161.72
2026-02-28,1715,HYDRA,1,False,H,CCCCV,119.1
2026-02-27,1714,DIZZY,1,True,D,CVCCC,626.81
2026-02-26,1713,LANCE,2,False,L,CVCCV,80.89
2026-02-25,1712,SHRED,1,False,S,CCCVC,103.82
2026-02-24,1711,BUYER,2,False,B,CVCVC,120.24
2026-02-23,1710,ATTIC,2,True,A,VCCVC,91.98
2026-02-22,1709,GUAVA,3,True,G,CVVCV,171.28
2026-02-21,1708,AWAKE,3,True,A,VCVCV,163.32
2026-02-20,1707,STANK,1,False,S,CCVCC,131.59
2026-02-19,1706,HOIST,2,False,H,CVVCC,94.61
2026-02-18,1705,MOGUL,2,False,M,CVCVC,128.48
2026-02-17,1704,SQUAD,2,False,S,CCVVC,427.09
2026-02-16,1703,ROOST,2,True,R,CVVCC,84.63
2026-02-15,1702,SKULL,1,True,S,CCVCC,149.72
2026-02-14,1701,BLOOM,2,True,B,CCVVC,131.2
2026-02-13,1700,MOOCH,2,True,M,CVVCC,126.46
2026-02-12,1699,SURGE,2,False,S,CVCCV,102.27
2026-02-11,1698,VEGAN,2,False,V,CVCVC,159.84
2026-02-10,1697,SCENE,2,True,S,CCVCV,88.75
2026-02-09,1696,CELLO,2,True,C,CVCCV,88.22
2026-02-08,1695,EMBED,2,True,E,VCCVC,133.46
2026-02-07,1694,BLEAT,2,False,B,CCVVC,93.7
2026-02-06,1693,GAVEL,2,False,G,CVCVC,151.76
2026-02-05,1692,SWOOP,2,True,S,CCVVC,150.33
2026-02-04,1691,CHIDE,2,False,C,CCVCV,109.08
2026-02-03,1690,WEIGH,2,False,W,CVVCC,153.46
2026-02-02,1689,CIGAR,2,False,C,CVCVC,102.79
2026-02-01,1688,SPINY,1,False,S,CCVCC,124.46
2026-01-31,1687,ALLOT,2,True,A,VCCVC,81.86
2026-01-30,1686,JUMBO,2,False,J,CVCCV,576.3
2026-01-29,1685,FLAKY,1,False,F,CCVCC,174.91
2026-01-28,1684,CRUEL,2,False,C,CCVVC,87.69
2026-01-27,1683,DUSKY,1,False,D,CVCCC,170.51
2026-01-26,1682,FREAK,2,False,F,CCVVC,145.24
2026-01-25,1681,STRUT,1,True,S,CCCVC,100.41
2026-01-24,1680,CLIFF,1,True,C,CCVCC,170.27
2026-01-23,1679,BARON,2,False,B,CVCVC,101.21
2026-01-22,1678,CLINK,1,False,C,CCVCC,144.03
2026-01-21,1677,CUBIC,2,True,C,CVCVC,140.38
2026-01-20,1676,SULLY,1,True,S,CVCCC,119.38
2026-01-19,1675,WAXEN,2,False,W,CVCVC,402.94
2026-01-18,1674,SUMAC,2,False,S,CVCVC,114.79
2026-01-17,1673,FIERY,2,False,F,CVVCC,120.84
2026-01-16,1672,RACER,2,True,R,CVCVC,79.22
2026-01-15,1671,CHASM,1,False,C,CCVCC,123.24
2026-01-14,1670,AVOID,3,False,A,VCVVC,152.05
2026-01-13,1669,GUMBO,2,False,G,CVCCV,154.02
2026-01-12,1668,TRIAL,2,False,T,CCVVC,73.58
2026-01-11,1667,QUARK,2,False,Q,CVVCC,457.95
2026-01-10,1666,MANIC,2,False,M,CVCVC,108.97
2026-01-09,1665,EIGHT,2,False,E,VVCCC,107.31
2026-01-08,1664,BLAST,1,False,B,CCVCC,107.59
2026-01-07,1663,PECAN,2,False,P,CVCVC,97.64
2026-01-06,1662,OOMPH,2,True,O,VVCCC,135.08
2026-01-05,1661,FILLY,1,True,F,CVCCC,143.38
2026-01-04,1660,POSSE,2,True,P,CVCCV,101.14
2026-01-03,1659,SITAR,2,False,S,CVCVC,75.73
2026-01-02,1658,PROOF,2,True,P,CCVVC,133.65
2026-01-01,1657,FABLE,2,False,F,CVCCV,128.12
2025-12-31,1656,SIREN,2,False,S,CVCVC,78.04
2025-12-30,1655,DECOR,2,False,D,CVCVC,91.09
2025-12-29,1654,FRUIT,2,False,F,CCVVC,121.15
2025-12-28,1653,ABBOT,2,True,A,VCCVC,132.95
2025-12-27,1652,BATCH,1,False,B,CVCCC,126.24
2025-12-26,1651,SPEED,2,True,S,CCVVC,106.95
2025-12-25,1650,PRISM,1,False,P,CCVCC,122.32
2025-12-24,1649,SPOOL,2,True,S,CCVVC,104.7
2025-12-23,1648,GLINT,1,False,G,CCVCC,110.46
2025-12-22,1647,CONCH,1,True,C,CVCCC,124.85
2025-12-21,1646,QUILT,2,False,Q,CVVCC,420.69
2025-12-20,1645,WHITE,2,False,W,CCVCV,132.38
2025-12-19,1644,MYRRH,0,True,M,CCCCC,134.95
2025-12-18,1643,RUGBY,1,False,R,CVCCC,152.54
2025-12-17,1642,GRASS,1,True,G,CCVCC,110.48
2025-12-16,1641,SEGUE,3,True,S,CVCVV,106.32
2025-12-15,1640,DODGY,1,True,D,CVCCC,154.85
2025-12-14,1639,SWING,1,False,S,CCVCC,158.76
2025-12-13,1638,MISER,2,False,M,CVCVC,93.83
2025-12-12,1637,TRUCK,1,False,T,CCVCC,144.38
2025-12-11,1636,GUESS,2,True,G,CVVCC,115.21
2025-12-10,1635,ERASE,3,True,E,VCVCV,69.29
2025-12-09,1634,SNIDE,2,False,S,CCVCV,94.5
2025-12-08,1633,GRAVY,1,False,G,CCVCC,175.84
2025-12-07,1632,FLUTE,2,False,F,CCVCV,115.72
2025-12-06,1631,WAIST,2,False,W,CVVCC,124.15
2025-12-05,1630,AMONG,2,False,A,VCVCC,118.88
2025-12-04,1629,TULIP,2,False,T,CVCVC,106.81
2025-12-03,1628,HASTE,2,False,H,CVCCV,82.98
2025-12-02,1627,CACTI,2,True,C,CVCCV,100.64
2025-12-01,1626,LEACH,2,False,L,CVVCC,89.48
2025-11-30,1625,MUGGY,1,True,M,CVCCC,178.2
2025-11-29,1624,GRUFF,1,True,G,CCVCC,187.65
2025-11-28,1623,COLIC,2,True,C,CVCVC,104.57
2025-11-27,1622,REMIT,2,False,R,CVCVC,91.15
2025-11-26,1621,HOVEL,2,False,H,CVCVC,147.29
2025-11-25,1620,PLEAD,2,False,P,CCVVC,99.09
2025-11-24,1619,DOUGH,2,False,D,CVVCC,134.95
2025-11-23,1618,BUNNY,1,True,B,CVCCC,150.93
2025-11-22,1617,THICK,1,False,T,CCVCC,152.1
2025-11-21,1616,VOWEL,2,False,V,CVCVC,184.24
2025-11-20,1615,GRAVE,2,False,G,CCVCV,148.97
2025-11-19,1614,MAKER,2,False,M,CVCVC,131.21
2025-11-18,1613,OPINE,3,False,O,VCVCV,94.4
2025-11-17,1612,CLAMP,1,False,C,CCVCC,125.16
2025-11-16,1611,WIELD,2,False,W,CVVCC,133.9
2025-11-15,1610,CLUNG,1,False,C,CCVCC,126.86
2025-11-14,1609,LURID,2,False,L,CVCVC,101.45
2025-11-13,1608,TINGE,2,False,T,CVCCV,98.72
2025-11-12,1607,DEUCE,3,True,D,CVVCV,105.41
2025-11-11,1606,GIZMO,2,False,G,CVCCV,372.56
2025-11-10,1605,TABBY,1,True,T,CVCCC,154.12
2025-11-09,1604,FUGUE,3,True,F,CVCVV,154.03
2025-11-08,1603,ARISE,3,False,A,VCVCV,69.51
2025-11-07,1602,PERIL,2,False,P,CVCVC,88.57
2025-11-06,1601,GUISE,3,False,G,CVVCV,106.54
2025-11-05,1600,SHORT,1,False,S,CCVCC,95.34
2025-11-04,1599,VENUE,3,True,V,CVCVV,154.22
2025-11-03,1598,AWOKE,3,False,A,VCVCV,158.73
2025-11-02,1597,RABID,2,False,R,CVCVC,113.32
2025-11-01,1596,MOTEL,2,False,M,CVCVC,91.43
2025-10-31,1595,ABHOR,2,False,A,VCCVC,109.81
2025-10-30,1594,LATHE,2,False,L,CVCCV,80.83
2025-10-29,1593,GLARE,2,False,G,CCVCV,86.44
2025-10-28,1592,HOLLY,1,True,H,CVCCC,119.64
2025-10-27,1591,FETID,2,False,F,CVCVC,121.64
2025-10-26,1590,PLUMP,1,True,P,CCVCC,155.46
2025-10-25,1589,GAUGE,3,True,G,CVVCV,127.02
2025-10-24,1588,TUBER,2,False,T,CVCVC,104.58
2025-10-23,1587,DRILL,1,True,D,CCVCC,105.22
2025-10-22,1586,STUNT,1,True,S,CCVCC,107.28
2025-10-21,1585,DETOX,2,False,D,CVCVC,369.79
2025-10-20,1584,LIMBO,2,False,L,CVCCV,125.72
2025-10-19,1583,IDEAL,3,False,I,VCVVC,83.82
2025-10-18,1582,HAVEN,2,False,H,CVCVC,147.95
2025-10-17,1581,GROSS,1,True,G,CCVCC,113.9
2025-10-16,1580,CATTY,1,True,C,CVCCC,110.63
2025-10-15,1579,SPOOF,2,True,S,CCVVC,138.59
2025-10-14,1578,FORUM,2,False,F,CVCVC,139.02
2025-10-13,1577,BEARD,2,False,B,CVVCC,105.09
2025-10-12,1576,WOUND,2,False,W,CVVCC,151.43
2025-10-11,1575,STACK,1,False,S,CCVCC,135.64
2025-10-10,1574,LEVER,2,True,L,CVCVC,134.12
2025-10-09,1573,HARDY,1,False,H,CVCCC,119.1
2025-10-08,1572,ANNOY,2,True,A,VCCVC,105.67
2025-10-07,1571,NYLON,1,True,N,CCCVC,115.12
2025-10-06,1570,AMUSE,3,False,A,VCVCV,99.92
2025-10-05,1569,PLANE,2,False,P,CCVCV,89.51
2025-10-04,1568,RELAY,2,False,R,CVCVC,81.02
2025-10-03,1567,SPASM,1,True,S,CCVCC,129.33
2025-10-02,1566,WIDTH,1,False,W,CVCCC,157.79
2025-10-01,1565,SPOIL,2,False,S,CCVVC,99.22
2025-09-30,1564,GEESE,3,True,G,CVVCV,90.35
2025-09-29,1563,CIVIL,2,True,C,CVCVC,161.49
2025-09-28,1562,GOOEY,3,True,G,CVVVC,114.74
2025-09-27,1561,FRITZ,1,False,F,CCVCC,368.76
2025-09-26,1560,DALLY,1,True,D,CVCCC,117.22
2025-09-25,1559,DRAPE,2,False,D,CCVCV,96.3
2025-09-24,1558,BLUNT,1,False,B,CCVCC,123.2
2025-09-23,1557,MOUTH,2,False,M,CVVCC,120.07
2025-09-22,1556,QUILL,2,True,Q,CVVCC,429.21
2025-09-21,1555,COVEN,2,False,C,CVCVC,146.83
2025-09-20,1554,DEFER,2,True,D,CVCVC,119.15
2025-09-19,1553,LATER,2,False,L,CVCVC,65.36
2025-09-18,1552,KNIFE,2,False,K,CCVCV,162.05
2025-09-17,1551,TEETH,2,True,T,CVVCC,86.01
2025-09-16,1550,LEFTY,1,False,L,CVCCC,126.63
2025-09-15,1549,ALONG,2,False,A,VCVCC,99.02
2025-09-14,1548,NOISY,2,False,N,CVVCC,101.67
2025-09-13,1547,NADIR,2,False,N,CVCVC,91.85
2025-09-12,1546,THROB,1,False,T,CCCVC,118.74
2025-09-11,1545,CHAIR,2,False,C,CCVVC,94.91
2025-09-10,1544,POUTY,2,False,P,CVVCC,119.42
2025-09-09,1543,TRICK,1,False,T,CCVCC,136.63
2025-09-08,1542,CHIRP,1,False,C,CCVCC,121.11
2025-09-07,1541,TENOR,2,False,T,CVCVC,72.85
2025-09-06,1540,BULGE,2,False,B,CVCCV,128.46
2025-09-05,1539,DRIFT,1,False,D,CCVCC,130.59
2025-09-04,1538,BLEND,1,False,B,CCVCC,121.42
2025-09-03,1537,FETCH,1,False,F,CVCCC,132.3
2025-09-02,1536,MIGHT,1,False,M,CVCCC,138.92
2025-09-01,1535,LEAST,2,False,L,CVVCC,70.3
2025-08-31,1534,PETAL,2,False,P,CVCVC,84.9
2025-08-30,1533,ELATE,3,True,E,VCVCV,69.41
2025-08-29,1532,GRAFT,1,False,G,CCVCC,131.55
2025-08-28,1531,SPLIT,1,False,S,CCCVC,104.73
2025-08-27,1530,TOWER,2,False,T,CVCVC,114.4
2025-08-26,1529,ANNEX,2,True,A,VCCVC,369.39
2025-08-25,1528,MIRTH,1,False,M,CVCCC,115.57
2025-08-24,1527,SPORE,2,False,S,CCVCV,88.2
2025-08-23,1526,UNION,3,True,U,VCVVC,105.7
2025-08-22,1525,RATTY,1,True,R,CVCCC,99.71
2025-08-21,1524,EXTOL,2,False,E,VCCVC,356.12
2025-08-20,1523,LLAMA,2,True,L,CCVCV,98.83
2025-08-19,1522,ROWDY,1,False,R,CVCCC,155.46
2025-08-18,1521,ISSUE,3,True,I,VCCVV,96.14
2025-08-17,1520,LOUSY,2,False,L,CVVCC,105.34
2025-08-16,1519,MATTE,2,True,M,CVCCV,95.49
2025-08-15,1518,LEVEL,2,True,L,CVCVC,136.91
2025-08-14,1517,KNELL,1,True,K,CCVCC,139.67
2025-08-13,1516,KEFIR,2,False,K,CVCVC,155.18
2025-08-12,1515,NOMAD,2,False,N,CVCVC,111.99
2025-08-11,1514,SOUTH,2,False,S,CVVCC,102.36
2025-08-10,1513,MINTY,1,False,M,CVCCC,124.9
2025-08-09,1512,NASAL,2,True,N,CVCVC,85.2
2025-08-08,1511,IMBUE,3,False,I,VCCVV,129.24
2025-08-07,1510,CORAL,2,False,C,CVCVC,79.72
2025-08-06,1509,GROAN,2,False,G,CCVVC,96.22
2025-08-05,1508,STORK,1,False,S,CCVCC,128.14
2025-08-04,1507,RIGID,2,True,R,CVCVC,122.26
2025-08-03,1506,LUMPY,1,False,L,CVCCC,145.84
2025-08-02,1505,DAUNT,2,False,D,CVVCC,101.86
2025-08-01,1504,BANJO,2,False,B,CVCCV,542.84
2025-07-31,1503,FRILL,1,True,F,CCVCC,125.45
2025-07-30,1502,ASSAY,2,True,A,VCCVC,98.4
2025-07-29,1501,OMEGA,3,False,O,VCVCV,108.06
2025-07-28,1500,SAVVY,1,True,S,CVCCC,230.75
2025-07-27,1499,WHOLE,2,False,W,CCVCV,130.39
2025-07-26,1498,HAUNT,2,False,H,CVVCC,100.87
2025-07-25,1497,GOFER,2,False,G,CVCVC,123.75
2025-07-24,1496,QUAKE,3,False,Q,CVVCV,454.0
2025-07-23,1495,WATER,2,False,W,CVCVC,110.99
2025-07-22,1494,BURNT,1,False,B,CVCCC,120.41
2025-07-21,1493,TIZZY,1,True,T,CVCCC,612.62
2025-07-20,1492,BLANK,1,False,B,CCVCC,155.51
2025-07-19,1491,SWORD,1,False,S,CCVCC,142.48
2025-07-18,1490,LORIS,2,False,L,CVCVC,79.67
2025-07-17,1489,MODAL,2,False,M,CVCVC,107.91
2025-07-16,1488,NERVY,1,False,N,CVCCC,157.07
2025-07-15,1487,FOIST,2,False,F,CVVCC,115.83
2025-07-14,1486,UNDID,2,True,U,VCCVC,129.98
2025-07-13,1485,GNOME,2,False,G,CCVCV,116.59
2025-07-12,1484,EXILE,3,True,E,VCVCV,360.42
2025-07-11,1483,BRAND,1,False,B,CCVCC,120.92
2025-07-10,1482,JUMPY,1,False,J,CVCCC,588.68
2025-07-09,1481,NOVEL,2,False,N,CVCVC,138.7
2025-07-08,1480,DREAD,2,True,D,CCVVC,101.21
2025-07-07,1479,STILT,1,True,S,CCVCC,95.45
2025-07-06,1478,ATRIA,3,True,A,VCCVV,77.13
2025-07-05,1477,BALER,2,False,B,CVCVC,91.43
2025-07-04,1476,CURVE,2,False,C,CVCCV,150.22
2025-07-03,1475,POPPY,1,True,P,CVCCC,157.22
2025-07-02,1474,INCUR,2,False,I,VCCVC,99.99
2025-07-01,1473,MOLDY,1,False,M,CVCCC,132.49
2025-06-30,1472,BLINK,1,False,B,CCVCC,161.44
2025-06-29,1471,WITTY,1,True,W,CVCCC,154.06
2025-06-28,1470,STUMP,1,False,S,CCVCC,132.34
2025-06-27,1469,PLAIN,2,False,P,CCVVC,97.73
2025-06-26,1468,OFFER,2,True,O,VCCVC,145.09
2025-06-25,1467,COMFY,1,False,C,CVCCC,160.85
2025-06-24,1466,ELITE,3,True,E,VCVCV,75.34
2025-06-23,1465,ODDLY,1,True,O,VCCCC,134.29
2025-06-22,1464,THRUM,1,False,T,CCCVC,123.32
2025-06-21,1463,GLADE,2,False,G,CCVCV,102.9
2025-06-20,1462,TAUPE,3,False,T,CVVCV,94.13
2025-06-19,1461,CURIO,3,False,C,CVCVV,94.88
2025-06-18,1460,MUNCH,1,False,M,CVCCC,138.84
2025-06-17,1459,PRANK,1,False,P,CCVCC,143.92
2025-06-16,1458,PETTY,1,True,P,CVCCC,116.96
2025-06-15,1457,QUAIL,3,False,Q,CVVVC,416.76
2025-06-14,1456,GHOST,1,False,G,CCVCC,118.69
2025-06-13,1455,BILGE,2,False,B,CVCCV,120.71
2025-06-12,1454,VIXEN,2,False,V,CVCVC,429.77
2025-06-11,1453,PLAID,2,False,P,CCVVC,107.31
2025-06-10,1452,TAFFY,1,True,T,CVCCC,170.81
2025-06-09,1451,BOARD,2,False,B,CVVCC,110.8
2025-06-08,1450,LEASE,3,True,L,CVVCV,72.08
2025-06-07,1449,REUSE,3,True,R,CVVCV,82.97
2025-06-06,1448,EDIFY,2,False,E,VCVCC,137.3
2025-06-05,1447,DATUM,2,False,D,CVCVC,117.65
2025-06-04,1446,CEASE,3,True,C,CVVCV,80.21
2025-06-03,1445,ADMIN,2,False,A,VCCVC,114.5
2025-06-02,1444,PREEN,2,True,P,CCVVC,92.42
2025-06-01,1443,ROUGH,2,False,R,CVVCC,118.5
2025-05-31,1442,HABIT,2,False,H,CVCVC,114.59
2025-05-30,1441,IDIOM,3,True,I,VCVVC,123.32
2025-05-29,1440,QUASH,2,False,Q,CVVCC,430.1
2025-05-28,1439,POLAR,2,False,P,CVCVC,88.34
2025-05-27,1438,SPORT,1,False,S,CCVCC,99.42
2025-05-26,1437,DRONE,2,False,D,CCVCV,87.04
2025-05-25,1436,GRIFT,1,False,G,CCVCC,137.49
2025-05-24,1435,SUEDE,3,True,S,CVVCV,99.43
2025-05-23,1434,SHUCK,1,False,S,CCVCC,162.52
2025-05-22,1433,FOLIO,3,True,F,CVCVV,121.17
2025-05-21,1432,ALARM,2,True,A,VCVCC,96.04
2025-05-20,1431,BORNE,2,False,B,CVCCV,98.92
2025-05-19,1430,PITCH,1,False,P,CVCCC,123.38
2025-05-18,1429,LIVID,2,True,L,CVCVC,167.02
2025-05-17,1428,GROWN,1,False,G,CCVCC,151.3
2025-05-16,1427,FIFTH,1,True,F,CVCCC,174.29
2025-05-15,1426,EAGER,3,True,E,VVCVC,87.7
2025-05-14,1425,BONGO,2,True,B,CVCCV,135.98
2025-05-13,1424,AWARE,3,True,A,VCVCV,115.06
2025-05-12,1423,BICEP,2,False,B,CVCVC,125.04
2025-05-11,1422,DOWEL,2,False,D,CVCVC,131.38
2025-05-10,1421,YEAST,2,False,Y,CVVCC,85.43
2025-05-09,1420,TRIPE,2,False,T,CCVCV,88.04
2025-05-08,1419,BALMY,1,False,B,CVCCC,140.96
2025-05-07,1418,MACHO,2,False,M,CVCCV,115.05
2025-05-06,1417,SUITE,3,False,S,CVVCV,85.46
2025-05-05,1416,SHUSH,1,True,S,CCVCC,131.75
2025-05-04,1415,TROUT,2,True,T,CCVVC,92.22
2025-05-03,1414,PATSY,1,False,P,CVCCC,113.93
2025-05-02,1413,WHOSE,2,False,W,CCVCV,132.54
2025-05-01,1412,ADEPT,2,False,A,VCVCC,98.57
2025-04-30,1411,IDLER,2,False,I,VCCVC,85.48
2025-04-29,1410,BLISS,1,True,B,CCVCC,124.2
2025-04-28,1409,DUMMY,1,True,D,CVCCC,170.62
2025-04-27,1408,WEEDY,2,True,W,CVVCC,148.81
2025-04-26,1407,CLASH,1,False,C,CCVCC,103.37
2025-04-25,1406,KNOWN,1,True,K,CCVCC,195.09
2025-04-24,1405,GENIE,3,True,G,CVCVV,100.5
2025-04-23,1404,OZONE,3,True,O,VCVCV,334.96
2025-04-22,1403,ARTSY,1,False,A,VCCCC,94.39
2025-04-21,1402,SPATE,2,False,S,CCVCV,87.05
2025-04-20,1401,PATCH,1,False,P,CVCCC,117.45
2025-04-19,1400,INBOX,2,False,I,VCCVC,394.49
2025-04-18,1399,DIRGE,2,False,D,CVCCV,106.04
2025-04-17,1398,STOOD,2,True,S,CCVVC,101.09
2025-04-16,1397,MORAL,2,False,M,CVCVC,91.45
2025-04-15,1396,ASHEN,2,False,A,VCCVC,87.58
2025-04-14,1395,CREST,1,False,C,CCVCC,85.09
2025-04-13,1394,LAUGH,2,False,L,CVVCC,117.88
2025-04-12,1393,NURSE,2,False,N,CVCCV,85.79
2025-04-11,1392,ARROW,2,True,A,VCCVC,122.42
2025-04-10,1391,TURBO,2,False,T,CVCCV,110.29
2025-04-09,1390,WHEAT,2,False,W,CCVVC,126.45
2025-04-08,1389,SPARE,2,False,S,CCVCV,84.79
2025-04-07,1388,HAZEL,2,False,H,CVCVC,333.18
2025-04-06,1387,VILLA,2,True,V,CVCCV,151.42
2025-04-05,1386,FOAMY,2,False,F,CVVCC,143.27
2025-04-04,1385,KRILL,1,True,K,CCVCC,141.03
2025-04-03,1384,SHEAR,2,False,S,CCVVC,80.71
2025-04-02,1383,CURSE,2,False,C,CVCCV,89.84
2025-04-01,1382,JEWEL,2,True,J,CVCVC,562.85
2025-03-31,1381,BOOTY,2,True,B,CVVCC,125.95
2025-03-30,1380,QUOTA,3,False,Q,CVVCV,413.72
2025-03-29,1379,SORRY,1,True,S,CVCCC,103.53
2025-03-28,1378,VERSE,2,True,V,CVCCV,140.27
2025-03-27,1377,SHEET,2,True,S,CCVVC,88.69
2025-03-26,1376,ELBOW,2,False,E,VCCVC,143.26
2025-03-25,1375,SHELF,1,False,S,CCVCC,126.85
2025-03-24,1374,ANGLE,2,False,A,VCCCV,93.31
2025-03-23,1373,DOPEY,2,False,D,CVCVC,117.64
2025-03-22,1372,AMBLE,2,False,A,VCCCV,114.08
2025-03-21,1371,NUDGE,2,False,N,CVCCV,120.65
2025-03-20,1370,BASTE,2,False,B,CVCCV,95.85
2025-03-19,1369,SPARK,1,False,S,CCVCC,142.0
2025-03-18,1368,TIMER,2,False,T,CVCVC,91.15
2025-03-17,1367,LASSO,2,True,L,CVCCV,86.68
2025-03-16,1366,STAMP,1,False,S,CCVCC,118.66
2025-03-15,1365,LADLE,2,True,L,CVCCV,90.34
2025-03-14,1364,PIECE,3,True,P,CVVCV,100.75
2025-03-13,1363,CHASE,2,False,C,CCVCV,91.63
2025-03-12,1362,MANGO,2,False,M,CVCCV,118.88
2025-03-11,1361,TRACK,1,False,T,CCVCC,130.7
2025-03-10,1360,SPITE,2,False,S,CCVCV,92.99
2025-03-09,1359,GREED,2,True,G,CCVVC,105.81
2025-03-08,1358,NAVEL,2,False,N,CVCVC,135.28
2025-03-07,1357,TROOP,2,True,T,CCVVC,99.23
2025-03-06,1356,ALERT,2,False,A,VCVCC,65.36
2025-03-05,1355,SCRUM,1,False,S,CCCVC,121.45
2025-03-04,1354,CHECK,1,True,C,CCVCC,160.53
2025-03-03,1353,SPEAR,2,False,S,CCVVC,84.79
2025-03-02,1352,DEITY,2,False,D,CVVCC,102.88
2025-03-01,1351,HOVER,2,False,H,CVCVC,144.5
2025-02-28,1350,FUZZY,1,True,F,CVCCC,654.78
2025-02-27,1349,LODGE,2,False,L,CVCCV,106.31
2025-02-26,1348,AWARD,2,True,A,VCVCC,135.47
2025-02-25,1347,DRYER,1,True,D,CCCVC,109.34
2025-02-24,1346,GLAND,1,False,G,CCVCC,118.72
2025-02-23,1345,OTTER,2,True,O,VCCVC,76.25
2025-02-22,1344,CREAM,2,False,C,CCVVC,93.88
2025-02-21,1343,CLOVE,2,False,C,CCVCV,142.75
2025-02-20,1342,ROACH,2,False,R,CVVCC,92.39
2025-02-19,1341,MADLY,1,False,M,CVCCC,129.08
2025-02-18,1340,INDIE,3,True,I,VCCVV,101.83
2025-02-17,1339,TRAIL,2,False,T,CCVVC,73.58
2025-02-16,1338,SUAVE,3,False,S,CVVCV,142.58
2025-02-15,1337,CROOK,2,True,C,CCVVC,136.6
2025-02-14,1336,DITTY,1,True,D,CVCCC,122.1
2025-02-13,1335,RUMBA,2,False,R,CVCCV,127.26
2025-02-12,1334,RAPID,2,False,R,CVCVC,104.52
2025-02-11,1333,SCORE,2,False,S,CCVCV,79.58
2025-02-10,1332,GOODY,2,True,G,CVVCC,135.15
2025-02-09,1331,BONUS,2,False,B,CVCVC,119.84
2025-02-08,1330,STEEP,2,True,S,CCVVC,92.76
2025-02-07,1329,SWATH,1,False,S,CCVCC,140.35
2025-02-06,1328,PUPIL,2,True,P,CVCVC,132.08
2025-02-05,1327,PEDAL,2,False,P,CVCVC,99.09
2025-02-04,1326,TOOTH,2,True,T,CVVCC,97.42
2025-02-03,1325,REVUE,3,True,R,CVCVV,143.34
2025-02-02,1324,CHORE,2,False,C,CCVCV,90.1
2025-02-01,1323,RIVET,2,False,R,CVCVC,133.82
2025-01-31,1322,TOAST,2,True,T,CVVCC,83.49
2025-01-30,1321,FALSE,2,False,F,CVCCV,104.72
2025-01-29,1320,UDDER,2,True,U,VCCVC,114.89
2025-01-28,1319,FEVER,2,True,F,CVCVC,168.01
2025-01-27,1318,SHUNT,1,False,S,CCVCC,112.48
2025-01-26,1317,SUNNY,1,True,S,CVCCC,127.54
2025-01-25,1316,CRISP,1,False,C,CCVCC,110.59
2025-01-24,1315,CREPE,2,True,C,CCVCV,96.47
2025-01-23,1314,UPPER,2,True,U,VCCVC,121.06
2025-01-22,1313,REACH,2,False,R,CVVCC,86.69
2025-01-21,1312,ICING,2,True,I,VCVCC,123.6
2025-01-20,1311,SQUID,2,False,S,CCVVC,433.02
2025-01-19,1310,ROWER,2,True,R,CVCVC,120.13
2025-01-18,1309,SILLY,1,True,S,CVCCC,111.63
2025-01-17,1308,PROSE,2,False,P,CCVCV,88.2
2025-01-16,1307,FLINT,1,False,F,CCVCC,123.8
2025-01-15,1306,KNACK,1,True,K,CCVCC,195.56
2025-01-14,1305,FANCY,1,False,F,CVCCC,141.65
2025-01-13,1304,CLOAK,2,False,C,CCVVC,127.98
2025-01-12,1303,TOTAL,2,True,T,CVCVC,81.33
2025-01-11,1302,DINGY,1,False,D,CVCCC,139.78
2025-01-10,1301,CRAWL,1,False,C,CCVCC,131.38
2025-01-09,1300,WAFER,2,False,W,CVCVC,145.4
2025-01-08,1299,DRAFT,1,False,D,CCVCC,124.66
2025-01-07,1298,ATLAS,2,True,A,VCCVC,80.59
2025-01-06,1297,SPRIG,1,False,S,CCCVC,123.02
2025-01-05,1296,CYBER,1,False,C,CCCVC,124.14
2025-01-04,1295,RELAX,2,False,R,CVCVC,350.44
2025-01-03,1294,CHEAP,2,False,C,CCVVC,106.23
2025-01-02,1293,CHOSE,2,False,C,CCVCV,95.05
2025-01-01,1292,NERVE,2,True,N,CVCCV,138.2
2024-12-31,1291,LEMUR,2,False,L,CVCVC,99.42
2024-12-30,1290,STARE,2,False,S,CCVCV,67.51
2024-12-29,1289,MAMBO,2,True,M,CVCCV,147.65
2024-12-28,1288,DECRY,1,False,D,CVCCC,112.26
2024-12-27,1287,GRAIN,2,False,G,CCVVC,98.74
2024-12-26,1286,AFFIX,2,True,A,VCCVC,437.24
2024-12-25,1285,SHARE,2,False,S,CCVCV,80.71
2024-12-24,1284,EAGLE,3,True,E,VVCCV,90.49
2024-12-23,1283,SAUNA,3,True,S,CVVCV,94.42
2024-12-22,1282,BRAWN,1,False,B,CCVCC,152.88
2024-12-21,1281,BLADE,2,False,B,CCVCV,107.89
2024-12-20,1280,FLASH,1,False,F,CCVCC,129.14
2024-12-19,1279,STRAY,1,False,S,CCCVC,94.39
2024-12-18,1278,HEFTY,1,False,H,CVCCC,139.3
2024-12-17,1277,SCOWL,1,False,S,CCVCC,139.74
2024-12-16,1276,BOAST,2,False,B,CVVCC,101.55
2024-12-15,1275,FUNKY,1,False,F,CVCCC,192.67
2024-12-14,1274,DROOL,2,True,D,CCVVC,96.67
2024-12-13,1273,BOXER,2,False,B,CVCVC,379.4
2024-12-12,1272,VYING,1,False,V,CCVCC,192.64
2024-12-11,1271,PLUMB,1,False,P,CCVCC,156.26
2024-12-10,1270,PATIO,3,False,P,CVCVV,92.09
2024-12-09,1269,FLUNG,1,False,F,CCVCC,152.63
2024-12-08,1268,HYENA,2,False,H,CCVCV,100.56
2024-12-07,1267,HILLY,1,True,H,CVCCC,122.16
2024-12-06,1266,SHOVE,2,False,S,CCVCV,149.44
2024-12-05,1265,ENDOW,2,False,E,VCCVC,135.46
2024-12-04,1264,CRYPT,0,False,C,CCCCC,121.57
2024-12-03,1263,SHAKY,1,False,S,CCVCC,155.84
2024-12-02,1262,GUILE,3,False,G,CVVCV,104.39
2024-12-01,1261,MAUVE,3,False,M,CVVCV,160.29
2024-11-30,1260,DOGMA,2,False,D,CVCCV,128.46
2024-11-29,1259,HIPPO,2,True,H,CVCCV,134.49
2024-11-28,1258,CHOCK,1,True,C,CCVCC,166.23
2024-11-27,1257,SLANG,1,False,S,CCVCC,107.21
2024-11-26,1256,WITCH,1,False,W,CVCCC,152.26
2024-11-25,1255,BROWN,1,False,B,CCVCC,156.29
2024-11-24,1254,TWIST,1,True,T,CCVCC,141.08
2024-11-23,1253,JELLY,1,True,J,CVCCC,544.1
2024-11-22,1252,PEARL,2,False,P,CVVCC,82.64
2024-11-21,1251,SPINE,2,False,S,CCVCV,97.59
2024-11-20,1250,NICHE,2,False,N,CVCCV,99.49
2024-11-19,1249,GOING,2,True,G,CVVCC,133.51
2024-11-18,1248,FRAIL,2,False,F,CCVVC,108.0
2024-11-17,1247,TALLY,1,True,T,CVCCC,103.03
2024-11-16,1246,VISOR,2,False,V,CVCVC,146.2
2024-11-15,1245,TACKY,1,False,T,CVCCC,148.62
2024-11-14,1244,UVULA,3,True,U,VCVCV,164.4
2024-11-13,1243,PRIMP,1,True,P,CCVCC,144.92
2024-11-12,1242,FLOWN,1,False,F,CCVCC,167.43
2024-11-11,1241,STOIC,2,False,S,CCVVC,90.07
2024-11-10,1240,INNER,2,True,I,VCCVC,87.97
2024-11-09,1239,SWELL,1,True,S,CCVCC,133.91
2024-11-08,1238,READY,2,False,R,CVVCC,94.68
2024-11-07,1237,EVENT,2,True,E,VCVCC,140.47
2024-11-06,1236,TRULY,1,False,T,CCVCC,105.91
2024-11-05,1235,OCTET,2,True,O,VCCVC,87.17
2024-11-04,1234,VINYL,1,False,V,CVCCC,172.09
2024-11-03,1233,BLAZE,2,False,B,CCVCV,346.05
2024-11-02,1232,SNOOP,2,True,S,CCVVC,108.78
2024-11-01,1231,SIXTH,1,False,S,CVCCC,385.21
2024-10-31,1230,WEIRD,2,False,W,CVVCC,131.11
2024-10-30,1229,EASEL,3,True,E,VVCVC,72.08
2024-10-29,1228,TUNIC,2,False,T,CVCVC,102.26
2024-10-28,1227,BAWDY,1,False,B,CVCCC,180.39
2024-10-27,1226,SANDY,1,False,S,CVCCC,115.44
2024-10-26,1225,WREAK,2,False,W,CCVVC,156.98
2024-10-25,1224,FROWN,1,False,F,CCVCC,164.64
2024-10-24,1223,BOSSY,1,True,B,CVCCC,136.81
2024-10-23,1222,GOOFY,2,True,G,CVVCC,155.38
2024-10-22,1221,SHOUT,2,False,S,CCVVC,102.36
2024-10-21,1220,SPOON,2,True,S,CCVVC,108.78
2024-10-20,1219,DICEY,2,False,D,CVCVC,111.53
2024-10-19,1218,FIBER,2,False,F,CVCVC,131.25
2024-10-18,1217,STINT,1,True,S,CCVCC,99.53
2024-10-17,1216,HALVE,2,False,H,CVCCV,143.88
2024-10-16,1215,GRANT,1,False,G,CCVCC,101.74
2024-10-15,1214,CORER,2,True,C,CVCVC,82.64
2024-10-14,1213,GAMUT,2,False,G,CVCVC,124.54
2024-10-13,1212,PRONE,2,False,P,CCVCV,90.13
2024-10-12,1211,STAIN,2,False,S,CCVVC,82.6
2024-10-11,1210,GUSTY,1,False,G,CVCCC,131.41
2024-10-10,1209,CARVE,2,False,C,CVCCV,136.54
2024-10-09,1208,MOMMY,1,True,M,CVCCC,166.55
2024-10-08,1207,JOINT,2,False,J,CVVCC,526.7
2024-10-07,1206,FLOUR,2,False,F,CCVVC,119.16
2024-10-06,1205,LAGER,2,False,L,CVCVC,86.44
2024-10-05,1204,MINER,2,False,M,CVCVC,95.76
2024-10-04,1203,TITLE,2,True,T,CVCCV,81.56
2024-10-03,1202,WAGON,2,False,W,CVCVC,144.64
2024-10-02,1201,SHELL,1,True,S,CCVCC,100.95
2024-10-01,1200,MODEM,2,True,M,CVCVC,133.48
2024-09-30,1199,CLOUD,2,False,C,CCVVC,109.85
2024-09-29,1198,RIDER,2,True,R,CVCVC,90.69
2024-09-28,1197,BRAIN,2,False,B,CCVVC,103.73
2024-09-27,1196,FAITH,2,False,F,CVVCC,122.94
2024-09-26,1195,THANK,1,False,T,CCVCC,142.11
2024-09-25,1194,TORCH,1,False,T,CVCCC,101.32
2024-09-24,1193,HANDY,1,False,H,CVCCC,125.97
2024-09-23,1192,STEAM,2,False,S,CCVVC,90.17
2024-09-22,1191,TEACH,2,False,T,CVVCC,88.96
2024-09-21,1190,SEVEN,2,True,S,CVCVC,143.14
2024-09-20,1189,SMOKE,2,False,S,CCVCV,139.57
2024-09-19,1188,PRESS,1,True,P,CCVCC,104.39
2024-09-18,1187,FULLY,1,True,F,CVCCC,151.12
2024-09-17,1186,BEAUT,3,False,B,CVVVC,102.92
2024-09-16,1185,HONEY,2,False,H,CVCVC,103.97
2024-09-15,1184,RECUR,2,True,R,CVCVC,92.9
2024-09-14,1183,BROAD,2,False,B,CCVVC,110.8
2024-09-13,1182,HARSH,1,True,H,CVCCC,113.12
2024-09-12,1181,BRASS,1,True,B,CCVCC,115.47
2024-09-11,1180,AISLE,3,False,A,VVCCV,72.31
2024-09-10,1179,REBEL,2,True,R,CVCVC,97.14
2024-09-09,1178,DEBIT,2,False,D,CVCVC,113.29
2024-09-08,1177,DRAWN,1,False,D,CCVCC,141.0
2024-09-07,1176,OWNER,2,False,O,VCCVC,119.0
2024-09-06,1175,RERUN,2,True,R,CVCVC,88.85
2024-09-05,1174,WIDEN,2,False,W,CVCVC,137.98
2024-09-04,1173,STERN,1,False,S,CCVCC,81.04
2024-09-03,1172,FAINT,2,False,F,CVVCC,114.35
2024-09-02,1171,CAMEL,2,False,C,CVCVC,96.67
2024-09-01,1170,MUSHY,1,False,M,CVCCC,143.92
2024-08-31,1169,SPOUT,2,False,S,CCVVC,106.44
2024-08-30,1168,KNAVE,2,False,K,CCVCV,184.75
2024-08-29,1167,FLUNK,1,False,F,CCVCC,177.54
2024-08-28,1166,LITHE,2,False,L,CVCCV,86.76
2024-08-27,1165,CROWN,1,False,C,CCVCC,138.88
2024-08-26,1164,STAKE,2,False,S,CCVCV,115.77
2024-08-25,1163,SKATE,2,False,S,CCVCV,115.77
2024-08-24,1162,FILET,2,False,F,CVCVC,107.98
2024-08-23,1161,LEECH,2,True,L,CVVCC,95.19
2024-08-22,1160,BRUTE,2,False,B,CCVCV,104.58
2024-08-21,1159,MULCH,1,False,M,CVCCC,134.76
2024-08-20,1158,DELAY,2,False,D,CVCVC,97.47
2024-08-19,1157,METER,2,True,M,CVCVC,90.93
2024-08-18,1156,LANKY,1,False,L,CVCCC,145.1
2024-08-17,1155,STORM,1,False,S,CCVCC,102.53
2024-08-16,1154,BRACE,2,False,B,CCVCV,99.56
2024-08-15,1153,ACORN,2,False,A,VCVCC,83.8
2024-08-14,1152,SHORE,2,False,S,CCVCV,84.12
2024-08-13,1151,NEIGH,2,False,N,CVVCC,111.92
2024-08-12,1150,SKIFF,1,True,S,CCVCC,209.76
2024-08-11,1149,SCONE,2,False,S,CCVCV,86.45
2024-08-10,1148,MEDIC,2,False,M,CVCVC,116.26
2024-08-09,1147,OUNCE,3,False,O,VVCCV,93.53
2024-08-08,1146,SAUCY,2,False,S,CVVCC,110.06
2024-08-07,1145,MACAW,2,True,M,CVCVC,152.59
2024-08-06,1144,ANVIL,2,False,A,VCCVC,143.5
2024-08-05,1143,ENSUE,3,True,E,VCCVV,89.84
2024-08-04,1142,LOWER,2,False,L,CVCVC,114.93
2024-08-03,1141,SCALE,2,False,S,CCVCV,78.96
2024-08-02,1140,FLAKE,2,False,F,CCVCV,148.04
2024-08-01,1139,CHALK,1,False,C,CCVCC,146.69
2024-07-31,1138,PENNE,2,True,P,CVCCV,99.29
2024-07-30,1137,FERAL,2,False,F,CVCVC,99.78
2024-07-29,1136,SUPER,2,False,S,CVCVC,98.46
2024-07-28,1135,SMOCK,1,False,S,CCVCC,159.44
2024-07-27,1134,JUICE,3,False,J,CVVCV,534.8
2024-07-26,1133,AWASH,2,True,A,VCVCC,139.42
2024-07-25,1132,PORCH,1,False,P,CVCCC,118.6
2024-07-24,1131,FORTE,2,False,F,CVCCV,102.67
2024-07-23,1130,PRONG,1,False,P,CCVCC,122.43
2024-07-22,1129,CADET,2,False,C,CVCVC,89.95
2024-07-21,1128,SPECK,1,False,S,CCVCC,150.63
2024-07-20,1127,SHAFT,1,False,S,CCVCC,128.61
2024-07-19,1126,REFER,2,True,R,CVCVC,102.69
2024-07-18,1125,NERDY,1,False,N,CVCCC,108.21
2024-07-17,1124,QUITE,3,False,Q,CVVCV,413.94
2024-07-16,1123,DECOY,2,False,D,CVCVC,109.02
2024-07-15,1122,SWOON,2,True,S,CCVVC,137.65
2024-07-14,1121,VIDEO,3,False,V,CVCVV,153.76
2024-07-13,1120,ENACT,2,False,E,VCVCC,80.36
2024-07-12,1119,JIFFY,1,True,J,CVCCC,620.1
2024-07-11,1118,CAMEO,3,False,C,CVCVV,95.63
2024-07-10,1117,GAUNT,2,False,G,CVVCC,108.76
2024-07-09,1116,BLARE,2,False,B,CCVCV,91.43
2024-07-08,1115,SHAPE,2,False,S,CCVCV,100.25
2024-07-07,1114,CANON,2,True,C,CVCVC,98.67
2024-07-06,1113,SCOFF,1,True,S,CCVCC,169.9
2024-07-05,1112,CRUSH,1,False,C,CCVCC,114.26
2024-07-04,1111,DEBUT,2,False,D,CVCVC,121.04
2024-07-03,1110,THIGH,1,True,T,CCVCC,139.73
2024-07-02,1109,INLAY,2,False,I,VCCVC,96.11
2024-07-01,1108,ADAGE,3,True,A,VCVCV,106.44
2024-06-30,1107,BUDDY,1,True,B,CVCCC,170.1
2024-06-29,1106,ZEBRA,2,False,Z,CVCCV,347.26
2024-06-28,1105,DROVE,2,False,D,CCVCV,145.49
2024-06-27,1104,ORDER,2,True,O,VCCVC,88.17
2024-06-26,1103,KNEAD,2,False,K,CCVVC,135.89
2024-06-25,1102,SAVOR,2,False,S,CVCVC,136.27
2024-06-24,1101,DOLLY,1,True,D,CVCCC,120.63
2024-06-23,1100,BUGLE,2,False,B,CVCCV,128.46
2024-06-22,1099,EDICT,2,False,E,VCVCC,95.88
2024-06-21,1098,PAINT,2,False,P,CVVCC,97.21
2024-06-20,1097,SCENT,1,False,S,CCVCC,91.97
2024-06-19,1096,TERSE,2,True,T,CVCCV,73.22
2024-06-18,1095,COVER,2,False,C,CVCVC,139.95
2024-06-17,1094,PRIOR,2,True,P,CCVVC,99.48
2024-06-16,1093,GRIND,1,False,G,CCVCC,121.86
2024-06-15,1092,PROUD,2,False,P,CCVVC,115.68
2024-06-14,1091,VAULT,2,False,V,CVVCC,150.65
2024-06-13,1090,ANGST,1,False,A,VCCCC,106.68
2024-06-12,1089,DETER,2,True,D,CVCVC,84.73
2024-06-11,1088,SWUNG,1,False,S,CCVCC,166.51
2024-06-10,1087,MANGA,2,True,M,CVCCV,123.46
2024-06-09,1086,CROWD,1,False,C,CCVCC,148.46
2024-06-08,1085,HENCE,2,True,H,CVCCV,99.27
2024-06-07,1084,MELON,2,False,M,CVCVC,96.03
2024-06-06,1083,ETHER,2,True,E,VCCVC,83.74
2024-06-05,1082,ORGAN,2,False,O,VCCVC,96.22
2024-06-04,1081,GROOM,2,True,G,CCVVC,123.42
2024-06-03,1080,STARK,1,False,S,CCVCC,124.72
2024-06-02,1079,BRAVO,2,False,B,CCVCV,159.66
2024-06-01,1078,BASIN,2,False,B,CVCVC,108.67
2024-05-31,1077,CHAOS,2,False,C,CCVVC,97.34
2024-05-30,1076,GUMMY,1,True,G,CVCCC,177.51
2024-05-29,1075,PAPAL,2,True,P,CVCVC,112.47
2024-05-28,1074,MINUS,2,False,M,CVCVC,116.67
2024-05-27,1073,SKIER,2,False,S,CCVVC,119.43
2024-05-26,1072,BEVEL,2,True,B,CVCVC,162.46
2024-05-25,1071,TITAN,2,True,T,CVCVC,87.93
2024-05-24,1070,GLIDE,2,False,G,CCVCV,108.83
2024-05-23,1069,SWISH,1,True,S,CCVCC,156.95
2024-05-22,1068,EXALT,2,False,E,VCVCC,352.71
2024-05-21,1067,DINGO,2,False,D,CVCCV,118.61
2024-05-20,1066,NICER,2,False,N,CVCVC,84.02
2024-05-19,1065,HITCH,1,True,H,CVCCC,127.3
2024-05-18,1064,BRINY,1,False,B,CCVCC,128.31
2024-05-17,1063,TUTOR,2,True,T,CVCVC,92.22
2024-05-16,1062,STALL,1,True,S,CCVCC,90.05
2024-05-15,1061,PINCH,1,False,P,CVCCC,127.98
2024-05-14,1060,AMASS,2,True,A,VCVCC,103.13
2024-05-13,1059,CUMIN,2,False,C,CVCVC,122.65
2024-05-12,1058,OUTER,3,False,O,VVCVC,78.0
2024-05-11,1057,TIDAL,2,False,T,CVCVC,90.04
2024-05-10,1056,MEDIA,3,False,M,CVCVV,103.68
2024-05-09,1055,JERKY,1,False,J,CVCCC,578.77
2024-05-08,1054,PIOUS,3,False,P,CVVVC,108.44
2024-05-07,1053,MUSTY,1,False,M,CVCCC,130.72
2024-05-06,1052,SHAVE,2,False,S,CCVCV,146.03
2024-05-05,1051,DECAL,2,False,D,CVCVC,90.47
2024-05-04,1050,VALUE,3,False,V,CVCVV,144.43
2024-05-03,1049,EBONY,2,False,E,VCVCC,116.85
2024-05-02,1048,SLICE,2,False,S,CCVCV,84.89
2024-05-01,1047,DIARY,2,False,D,CVVCC,102.9
2024-04-30,1046,PROWL,1,False,P,CCVCC,143.42
2024-04-29,1045,CRAFT,1,False,C,CCVCC,119.13
2024-04-28,1044,PRUNE,2,False,P,CCVCV,100.39
2024-04-27,1043,GLEAM,2,False,G,CCVVC,109.1
2024-04-26,1042,VAPID,2,False,V,CVCVC,173.84
2024-04-25,1041,INTRO,2,False,I,VCCCV,81.08
2024-04-24,1040,OVERT,2,False,O,VCVCC,131.3
2024-04-23,1039,ROVER,2,True,R,CVCVC,137.03
2024-04-22,1038,LASER,2,False,L,CVCVC,68.03
2024-04-21,1037,JOLLY,1,True,J,CVCCC,549.8
2024-04-20,1036,LUCID,2,False,L,CVCVC,112.37
2024-04-19,1035,RAISE,3,False,R,CVVCV,69.51
2024-04-18,1034,FACET,2,False,F,CVCVC,110.18
2024-04-17,1033,TITHE,2,True,T,CVCCV,94.23
2024-04-16,1032,SHANK,1,False,S,CCVCC,144.79
2024-04-15,1031,EQUIP,3,False,E,VCVVC,427.22
2024-04-14,1030,BLIMP,1,False,B,CCVCC,148.51
2024-04-13,1029,STEEL,2,True,S,CCVVC,76.01
2024-04-12,1028,WHINY,1,False,W,CCVCC,163.86
2024-04-11,1027,LOUSE,3,False,L,CVVCV,83.47
2024-04-10,1026,BROTH,1,False,B,CCVCC,118.74
2024-04-09,1025,MERGE,2,True,M,CVCCV,112.01
2024-04-08,1024,BREED,2,True,B,CCVVC,110.8
2024-04-07,1023,VOILA,3,False,V,CVVCV,142.39
2024-04-06,1022,FINCH,1,False,F,CVCCC,145.13
2024-04-05,1021,WRIST,1,False,W,CCVCC,130.81
2024-04-04,1020,CLIMB,1,False,C,CCVCC,139.89
2024-04-03,1019,PLAIT,2,False,P,CCVVC,93.13
2024-04-02,1018,SERUM,2,False,S,CVCVC,101.58
2024-04-01,1017,FROND,1,False,F,CCVCC,132.68
2024-03-31,1016,TABOO,3,True,T,CVCVV,106.37
2024-03-30,1015,FORCE,2,False,F,CVCCV,111.32
2024-03-29,1014,REALM,2,False,R,CVVCC,85.75
2024-03-28,1013,SPEAK,2,False,S,CCVVC,133.05
2024-03-27,1012,STUNG,1,False,S,CCVCC,120.36
2024-03-26,1011,MAYOR,2,False,M,CVCVC,106.58
2024-03-25,1010,SALLY,1,True,S,CVCCC,105.7
2024-03-24,1009,TOWEL,2,False,T,CVCVC,117.19
2024-03-23,1008,RISEN,2,False,R,CVCVC,78.04
2024-03-22,1007,DECAY,2,False,D,CVCVC,105.6
2024-03-21,1006,SHADE,2,False,S,CCVCV,97.16
2024-03-20,1005,LINGO,2,False,L,CVCCV,104.95
2024-03-19,1004,ABIDE,3,False,A,VCVCV,109.37
2024-03-18,1003,SPELT,1,False,S,CCVCC,96.51
2024-03-17,1002,SNORT,1,False,S,CCVCC,86.75
2024-03-16,1001,TOXIN,2,False,T,CVCVC,368.43
2024-03-15,1000,ERUPT,2,False,E,VCVCC,95.79
2024-03-14,999,SINCE,2,False,S,CVCCV,88.97
2024-03-13,998,LOCAL,2,True,L,CVCVC,90.51
2024-03-12,997,HEAVE,3,True,H,CVVCV,145.13
2024-03-11,996,PESKY,1,False,P,CVCCC,157.63
2024-03-10,995,GRASP,1,False,G,CCVCC,117.09
2024-03-09,994,CHEER,2,True,C,CCVVC,92.4
2024-03-08,993,EARLY,2,False,E,VVCCC,81.02
2024-03-07,992,CLONE,2,False,C,CCVCV,84.3
2024-03-06,991,TEARY,2,False,T,CVVCC,80.49
2024-03-05,990,HUNCH,1,True,H,CVCCC,139.65
2024-03-04,989,FLAME,2,False,F,CCVCV,122.43
2024-03-03,988,STATE,2,True,S,CCVCV,77.78
2024-03-02,987,URBAN,2,False,U,VCCVC,111.48
2024-03-01,986,FORTY,1,False,F,CVCCC,129.54
2024-02-29,985,IMAGE,3,False,I,VCVCV,110.57
2024-02-28,984,DEVIL,2,False,D,CVCVC,150.8
2024-02-27,983,SENSE,2,True,S,CVCCV,82.77
2024-02-26,982,OFTEN,2,False,O,VCCVC,109.54
2024-02-25,981,SMITH,1,False,S,CCVCC,120.51
2024-02-24,980,PIPER,2,True,P,CVCVC,113.32
2024-02-23,979,APART,2,True,A,VCVCC,92.4
2024-02-22,978,HEAVY,2,False,H,CVVCC,159.01
2024-02-21,977,BUILD,2,False,B,CVVCC,129.79
2024-02-20,976,MATCH,1,False,M,CVCCC,120.56
2024-02-19,975,PRICE,2,False,P,CCVCV,96.7
2024-02-18,974,RIDGE,2,False,R,CVCCV,106.04
2024-02-17,973,PSALM,1,False,P,CCVCC,119.18
2024-02-16,972,STASH,1,True,S,CCVCC,104.87
2024-02-15,971,ASCOT,2,False,A,VCCVC,84.14
2024-02-14,970,TALON,2,False,T,CVCVC,77.94
2024-02-13,969,SCRAM,1,False,S,CCCVC,107.77
2024-02-12,968,PASTA,2,True,P,CVCCV,97.35
2024-02-11,967,NEVER,2,True,N,CVCVC,138.2
2024-02-10,966,FRIED,2,False,F,CCVVC,119.37
2024-02-09,965,STIFF,1,True,S,CCVCC,163.76
2024-02-08,964,PLACE,2,False,P,CCVCV,93.56
2024-02-07,963,AFTER,2,False,A,VCCVC,99.25
2024-02-06,962,WHICH,1,True,W,CCVCC,173.45
2024-02-05,961,REPEL,2,True,R,CVCVC,88.34
2024-02-04,960,VERGE,2,True,V,CVCCV,158.68
2024-02-03,959,MICRO,2,False,M,CVCCV,105.51
2024-02-02,958,CLEFT,1,False,C,CCVCC,119.63
2024-02-01,957,ALIVE,3,False,A,VCVCV,132.68
2024-01-31,956,BULKY,1,False,B,CVCCC,180.24
2024-01-30,955,EXPEL,2,True,E,VCCVC,375.69
2024-01-29,954,LEGGY,1,True,L,CVCCC,142.37
2024-01-28,953,EMBER,2,True,E,VCCVC,117.0
2024-01-27,952,SNAKE,2,False,S,CCVCV,120.37
2024-01-26,951,ALOOF,3,True,A,VCVVC,115.24
2024-01-25,950,BLOCK,1,False,B,CCVCC,162.98
2024-01-24,949,RELIC,2,False,R,CVCVC,79.95
2024-01-23,948,STILL,1,True,S,CCVCC,95.98
2024-01-22,947,TWEAK,2,False,T,CCVVC,159.25
2024-01-21,946,NORTH,1,False,N,CVCCC,97.27
2024-01-20,945,LARGE,2,False,L,CVCCV,86.44
2024-01-19,944,THING,1,False,T,CCVCC,123.14
2024-01-18,943,STOLE,2,False,S,CCVCV,73.72
2024-01-17,942,COURT,2,False,C,CVVCC,92.87
2024-01-16,941,BLOND,1,False,B,CCVCC,127.12
2024-01-15,940,LUNCH,1,False,L,CVCCC,118.98
2024-01-14,939,DOING,2,False,D,CVVCC,118.61
2024-01-13,938,HEARD,2,False,H,CVVCC,92.22
2024-01-12,937,ROUTE,3,False,R,CVVCV,78.0
2024-01-11,936,BRIEF,2,False,B,CCVVC,131.25
2024-01-10,935,THREW,1,False,T,CCCVC,133.11
2024-01-09,934,LINER,2,False,L,CVCVC,75.89
2024-01-08,933,FINAL,2,False,F,CVCVC,114.87
2024-01-07,932,STONY,1,False,S,CCVCC,104.67
2024-01-06,931,CABLE,2,False,C,CVCCV,102.35
2024-01-05,930,LUNGE,2,False,L,CVCCV,106.99
2024-01-04,929,SCANT,1,False,S,CCVCC,94.26
2024-01-03,928,TWIRL,1,False,T,CCVCC,128.66
2024-01-02,927,AGING,2,True,A,VCVCC,130.09
2024-01-01,926,MURAL,2,False,M,CVCVC,101.72
2023-12-31,925,SALTY,1,False,S,CVCCC,97.18
2023-12-30,924,THREE,2,True,T,CCCVV,83.74
2023-12-29,923,CHILD,1,False,C,CCVCC,120.82
2023-12-28,922,LEARN,2,False,L,CVVCC,69.96
2023-12-27,921,DAISY,2,False,D,CVVCC,107.84
2023-12-26,920,PHONE,2,False,P,CCVCV,105.59
2023-12-25,919,EVOKE,3,True,E,VCVCV,181.34
2023-12-24,918,GRACE,2,False,G,CCVCV,94.57
2023-12-23,917,SLOPE,2,False,S,CCVCV,90.99
2023-12-22,916,TOUCH,2,False,T,CVVCC,108.34
2023-12-21,915,BUILT,2,False,B,CVVCC,115.6
2023-12-20,914,SMALL,1,True,S,CCVCC,110.43
2023-12-19,913,TABLE,2,False,T,CVCCV,93.7
2023-12-18,912,FUNNY,1,True,F,CVCCC,159.28
2023-12-17,911,BACON,2,False,B,CVCVC,112.14
2023-12-16,910,GLOBE,2,False,G,CCVCV,118.19
2023-12-15,909,TOPIC,2,False,T,CVCVC,104.67
2023-12-14,908,WOULD,2,False,W,CVVCC,147.35
2023-12-13,907,SPENT,1,False,S,CCVCC,100.59
2023-12-12,906,THESE,2,True,T,CCVCV,88.69
2023-12-11,905,HOUSE,3,False,H,CVVCV,96.14
2023-12-10,904,CHAIN,2,False,C,CCVVC,101.78
2023-12-09,903,SHIFT,1,False,S,CCVCC,134.54
2023-12-08,902,SHARP,1,False,S,CCVCC,109.2
2023-12-07,901,SLEEP,2,True,S,CCVVC,93.29
2023-12-06,900,WOMAN,2,False,W,CVCVC,143.95
2023-12-05,899,YOUNG,2,False,Y,CVVCC,127.83
2023-12-04,898,WORST,1,False,W,CVCCC,128.3
2023-12-03,897,ADAPT,2,True,A,VCVCC,108.86
2023-12-02,896,GENRE,2,True,G,CVCCV,96.23
2023-12-01,895,TAKEN,2,False,T,CVCVC,117.7
2023-11-30,894,RESIN,2,False,R,CVCVC,78.04
2023-11-29,893,SUSHI,2,True,S,CVCCV,115.55
2023-11-28,892,SCOPE,2,False,S,CCVCV,99.12
2023-11-27,891,TAWNY,1,False,T,CVCCC,144.73
2023-11-26,890,SOLID,2,False,S,CVCVC,96.13
2023-11-25,889,GUIDE,3,False,G,CVVCV,118.05
2023-11-24,888,THROW,1,False,T,CCCVC,138.82
2023-11-23,887,QUEEN,3,True,Q,CVVVC,418.32
2023-11-22,886,PIXEL,2,False,P,CVCVC,375.92
2023-11-21,885,PIANO,3,False,P,CVVCV,96.69
2023-11-20,884,CANDY,1,False,C,CVCCC,121.42
2023-11-19,883,QUEUE,4,True,Q,CVVVV,426.47
2023-11-18,882,THINK,1,False,T,CCVCC,148.05
2023-11-17,881,TARDY,1,False,T,CVCCC,105.9
2023-11-16,880,TRUST,1,True,T,CCVCC,100.41
2023-11-15,879,SIGHT,1,False,S,CVCCC,121.21
2023-11-14,878,SASSY,1,True,S,CVCCC,110.0
2023-11-13,877,GREEN,2,True,G,CCVVC,96.23
2023-11-12,876,MEANT,2,False,M,CVVCC,92.09
2023-11-11,875,ACTOR,2,False,A,VCCVC,79.2
2023-11-10,874,LEASH,2,False,L,CVVCC,83.5
2023-11-09,873,GLAZE,2,False,G,CCVCV,341.06
2023-11-08,872,NINJA,2,True,N,CVCCV,531.89
2023-11-07,871,LIMIT,2,True,L,CVCVC,110.17
2023-11-06,870,TRADE,2,False,T,CCVCV,79.02
2023-11-05,869,FLARE,2,False,F,CCVCV,99.78
2023-11-04,868,MANIA,3,True,M,CVCVV,104.39
2023-11-03,867,ARDOR,2,True,A,VCCVC,90.46
2023-11-02,866,UNTIL,2,False,U,VCCVC,94.13
2023-11-01,865,NOISE,3,False,N,CVVCV,79.8
2023-10-31,864,BLEAK,2,False,B,CCVVC,139.69
2023-10-30,863,GRAIL,2,False,G,CCVVC,94.66
2023-10-29,862,PHONY,1,False,P,CCVCC,132.47
2023-10-28,861,MASON,2,False,M,CVCVC,100.47
2023-10-27,860,NOBLE,2,False,N,CVCCV,101.72
2023-10-26,859,PIQUE,3,False,P,CVCVV,427.22
2023-10-25,858,RETRY,1,True,R,CVCCC,95.15
2023-10-24,857,CAUSE,3,False,C,CVVCV,88.18
2023-10-23,856,TEMPO,2,False,T,CVCCV,108.18
2023-10-22,855,GIVEN,2,False,G,CVCVC,161.77
2023-10-21,854,SMIRK,1,False,S,CCVCC,151.04
2023-10-20,853,OCCUR,2,True,O,VCCVC,109.53
2023-10-19,852,SPLAT,1,False,S,CCCVC,98.8
2023-10-18,851,MERCY,1,False,M,CVCCC,118.46
2023-10-17,850,ADULT,2,False,A,VCVCC,97.79
2023-10-16,849,GRAPH,1,False,G,CCVCC,127.61
2023-10-15,848,LEAKY,2,False,L,CVVCC,129.27
2023-10-14,847,AGENT,2,False,A,VCVCC,92.79
2023-10-13,846,UNCLE,2,False,U,VCCCV,94.56
2023-10-12,845,KNELT,1,False,K,CCVCC,131.15
2023-10-11,844,SKUNK,1,True,S,CCVCC,199.26
2023-10-10,843,SNAIL,2,False,S,CCVVC,83.13
2023-10-09,842,TRUTH,1,True,T,CCVCC,110.93
2023-10-08,841,BINGE,2,False,B,CVCCV,124.79
2023-10-07,840,VIOLA,3,False,V,CVVCV,142.39
2023-10-06,839,CHIME,2,False,C,CCVCV,115.27
2023-10-05,838,BUNCH,1,False,B,CVCCC,144.53
2023-10-04,837,SPURT,1,False,S,CCVCC,109.68
2023-10-03,836,WHILE,2,False,W,CCVCV,132.91
2023-10-02,835,MERRY,1,True,M,CVCCC,115.54
2023-10-01,834,BERET,2,True,B,CVCVC,96.61
2023-09-30,833,DADDY,1,True,D,CVCCC,144.54
2023-09-29,832,AZURE,3,False,A,VCVCV,326.94
2023-09-28,831,COACH,2,True,C,CVVCC,111.32
2023-09-27,830,SMILE,2,False,S,CCVCV,96.62
2023-09-26,829,LOYAL,2,True,L,CVCVC,97.51
2023-09-25,828,ROCKY,1,False,R,CVCCC,149.77
2023-09-24,827,RIGHT,1,False,R,CVCCC,116.26
2023-09-23,826,CAROL,2,False,C,CVCVC,79.72
2023-09-22,825,BRUSH,1,False,B,CCVCC,131.67
2023-09-21,824,STONE,2,False,S,CCVCV,77.8
2023-09-20,823,SNARE,2,False,S,CCVCV,72.11
2023-09-19,822,CLOSE,2,False,C,CCVCV,82.37
2023-09-18,821,FRANK,1,False,F,CCVCC,161.07
2023-09-17,820,MUSIC,2,False,M,CVCVC,120.72
2023-09-16,819,ANGEL,2,False,A,VCCVC,93.31
2023-09-15,818,EXERT,2,True,E,VCVCC,355.63
2023-09-14,817,RAYON,2,False,R,CVCVC,90.8
2023-09-13,816,CLEAR,2,False,C,CCVVC,74.01
2023-09-12,815,WHISK,1,False,W,CCVCC,192.27
2023-09-11,814,OLDER,2,False,O,VCCVC,82.96
2023-09-10,813,QUOTE,3,False,Q,CVVCV,411.43
2023-09-09,812,LUCKY,1,False,L,CVCCC,162.83
2023-09-08,811,ROUSE,3,False,R,CVVCV,80.68
2023-09-07,810,DWELL,1,True,D,CCVCC,145.42
2023-09-06,809,GNASH,1,False,G,CCVCC,119.88
2023-09-05,808,BIRCH,1,False,B,CVCCC,129.91
2023-09-04,807,GIDDY,1,True,G,CVCCC,157.37
2023-09-03,806,AWAIT,3,True,A,VCVVC,125.55
2023-09-02,805,ONION,3,True,O,VCVVC,95.43
2023-09-01,804,SPACE,2,False,S,CCVCV,95.71
2023-08-31,803,BRIDE,2,False,B,CCVCV,111.02
2023-08-30,802,AUDIO,4,False,A,VVCVV,101.75
2023-08-29,801,CAPER,2,False,C,CVCVC,90.77
2023-08-28,800,WRITE,2,False,W,CCVCV,116.92
2023-08-27,799,PEACE,3,True,P,CVVCV,94.81
2023-08-26,798,CHOIR,2,False,C,CCVVC,98.32
2023-08-25,797,OCEAN,3,False,O,VCVVC,79.85
2023-08-24,796,WORDY,1,False,W,CVCCC,155.46
2023-08-23,795,VERVE,2,True,V,CVCCV,200.64
2023-08-22,794,SPICE,2,False,S,CCVCV,101.64
2023-08-21,793,BEACH,2,False,B,CVVCC,115.03
2023-08-20,792,QUEST,2,False,Q,CVVCC,414.61
2023-08-19,791,MAGMA,2,True,M,CVCCV,139.25
2023-08-18,790,EXACT,2,False,E,VCVCC,360.84
2023-08-17,789,AMISS,2,True,A,VCVCC,109.06
2023-08-16,788,SCRUB,1,False,S,CCCVC,127.13
2023-08-15,787,INDEX,2,False,I,VCCVC,376.91
2023-08-14,786,SNAKY,1,False,S,CCVCC,147.25
2023-08-13,785,WRATH,1,False,W,CCVCC,135.4
2023-08-12,784,QUICK,2,False,Q,CVVCC,474.81
2023-08-11,783,HELLO,2,True,H,CVCCV,92.76
2023-08-10,782,EMPTY,1,False,E,VCCCC,129.35
2023-08-09,781,LOVER,2,False,L,CVCVC,131.82
2023-08-08,780,BULLY,1,True,B,CVCCC,142.78
2023-08-07,779,BROOK,2,True,B,CCVVC,154.02
2023-08-06,778,POLYP,1,True,P,CVCCC,140.47
2023-08-05,777,ANODE,3,False,A,VCVCV,85.38
2023-08-04,776,CHART,1,False,C,CCVCC,97.91
2023-08-03,775,PARTY,1,False,P,CVCCC,108.99
2023-08-02,774,BEGET,2,True,B,CVCVC,119.96
2023-08-01,773,TENTH,1,True,T,CVCCC,101.83
2023-07-31,772,STYLE,1,False,S,CCCCV,94.89
2023-07-30,771,BATHE,2,False,B,CVCCV,106.37
2023-07-29,770,CURLY,1,False,C,CVCCC,114.57
2023-07-28,769,ETHOS,2,False,E,VCCVC,86.39
2023-07-27,768,DISCO,2,False,D,CVCCV,104.26
2023-07-26,767,HEART,2,False,H,CVVCC,78.03
2023-07-25,766,WHEEL,2,True,W,CCVVC,132.69
2023-07-24,765,HOBBY,1,True,H,CVCCC,170.73
2023-07-23,764,WHALE,2,False,W,CCVCV,126.98
2023-07-22,763,FROZE,2,False,F,CCVCV,355.02
2023-07-21,762,BURLY,1,False,B,CVCCC,131.98
2023-07-20,761,FLANK,1,False,F,CCVCC,163.86
2023-07-19,760,TONIC,2,False,T,CVCVC,92.0
2023-07-18,759,FLYER,1,False,F,CCCVC,124.36
2023-07-17,758,DROOP,2,True,D,CCVVC,113.42
2023-07-16,757,TOPAZ,2,False,T,CVCVC,342.44
2023-07-15,756,CRONE,2,False,C,CCVCV,81.51
2023-07-14,755,FIEND,2,False,F,CVVCC,126.24
2023-07-13,754,BARGE,2,False,B,CVCCV,111.99
2023-07-12,753,WHIRL,1,False,W,CCVCC,141.86
2023-07-11,752,EARTH,2,False,E,VVCCC,78.03
2023-07-10,751,FOLLY,1,True,F,CVCCC,140.86
2023-07-09,750,ENTER,2,True,E,VCCVC,75.15
2023-07-08,749,COWER,2,False,C,CVCVC,123.06
2023-07-07,748,DONUT,2,False,D,CVCVC,105.28
2023-07-06,747,WINDY,1,False,W,CVCCC,164.85
2023-07-05,746,VENOM,2,False,V,CVCVC,162.56
2023-07-04,745,IRATE,3,False,I,VCVCV,66.84
2023-07-03,744,HOTEL,2,False,H,CVCVC,84.24
2023-07-02,743,MOSSY,1,True,M,CVCCC,131.13
2023-07-01,742,BLEEP,2,True,B,CCVVC,116.68
2023-06-30,741,STRAW,1,False,S,CCCVC,124.88
2023-06-29,740,DINER,2,False,D,CVCVC,89.56
2023-06-28,739,TRACT,1,True,T,CCVCC,92.71
2023-06-27,738,ABOUT,3,False,A,VCVVC,108.63
2023-06-26,737,GUEST,2,False,G,CVVCC,104.54
2023-06-25,736,RODEO,3,True,R,CVCVV,89.92
2023-06-24,735,GRAND,1,False,G,CCVCC,115.93
2023-06-23,734,COVET,2,False,C,CVCVC,142.22
2023-06-22,733,TASTE,2,True,T,CVCCV,77.78
2023-06-21,732,CRANE,2,False,C,CCVCV,78.09
2023-06-20,731,FROST,1,False,F,CCVCC,116.56
2023-06-19,730,KAZOO,3,True,K,CVCVV,382.64
2023-06-18,729,SHYLY,0,True,S,CCCCC,137.96
2023-06-17,728,RANCH,1,False,R,CVCCC,102.51
2023-06-16,727,STRAP,1,False,S,CCCVC,96.01
2023-06-15,726,MAYBE,2,False,M,CVCCV,129.22
2023-06-14,725,CRIME,2,False,C,CCVCV,99.81
2023-06-13,724,PLUNK,1,False,P,CCVCC,160.4
2023-06-12,723,WRONG,1,False,W,CCVCC,151.3
2023-06-11,722,GUARD,2,False,G,CVVCC,116.07
2023-06-10,721,AGAIN,3,True,A,VCVVC,105.08
2023-06-09,720,BALSA,2,True,B,CVCCV,106.66
2023-06-08,719,CRUMB,1,False,C,CCVCC,144.84
2023-06-07,718,HATER,2,False,H,CVCVC,78.03
2023-06-06,717,SCOUT,2,False,S,CCVVC,97.82
2023-06-05,716,ENNUI,3,True,E,VCCVV,99.99
2023-06-04,715,BEAST,2,False,B,CVVCC,95.85
2023-06-03,714,NANNY,1,True,N,CVCCC,115.79
2023-06-02,713,HUMID,2,False,H,CVCVC,136.78
2023-06-01,712,JAZZY,1,True,J,CVCCC,1050.05
2023-05-31,711,AGILE,3,False,A,VCVCV,90.71
2023-05-30,710,KNEEL,2,True,K,CCVVC,127.93
2023-05-29,709,MOUSE,3,False,M,CVVCV,103.33
2023-05-28,708,SKIMP,1,False,S,CCVCC,170.58
2023-05-27,707,RAMEN,2,False,R,CVCVC,89.82
2023-05-26,706,SWINE,2,False,S,CCVCV,126.46
2023-05-25,705,BAGEL,2,False,B,CVCVC,114.78
2023-05-24,704,UTTER,2,True,U,VCCVC,86.52
2023-05-23,703,CLERK,1,False,C,CCVCC,128.93
2023-05-22,702,IGLOO,3,True,I,VCCVV,107.83
2023-05-21,701,BRASH,1,False,B,CCVCC,118.0
2023-05-20,700,FLASK,1,False,F,CCVCC,161.93
2023-05-19,699,GRIEF,2,False,G,CCVVC,126.27
2023-05-18,698,SHORN,1,False,S,CCVCC,99.94
2023-05-17,697,PLANK,1,False,P,CCVCC,146.72
2023-05-16,696,LATTE,2,True,L,CVCCV,75.63
2023-05-15,695,CANOE,3,False,C,CVCVV,79.85
2023-05-14,694,SCARF,1,False,S,CCVCC,121.8
2023-05-13,693,ACRID,2,False,A,VCCVC,95.9
2023-05-12,692,SNACK,1,False,S,CCVCC,140.25
2023-05-11,691,BROOM,2,True,B,CCVVC,128.41
2023-05-10,690,ETHIC,2,False,E,VCCVC,94.89
2023-05-09,689,COCOA,3,True,C,CVCVV,97.6
2023-05-08,688,AGLOW,2,False,A,VCCVC,140.57
2023-05-07,687,GHOUL,2,False,G,CCVVC,121.29
2023-05-06,686,ANGER,2,False,A,VCCVC,90.52
2023-05-05,685,BELOW,2,False,B,CVCVC,143.26
2023-05-04,684,GUPPY,1,True,G,CVCCC,171.29
2023-05-03,683,HORDE,2,False,H,CVCCV,95.64
2023-05-02,682,SULKY,1,False,S,CVCCC,156.85
2023-05-01,681,RANGE,2,False,R,CVCCV,90.52
2023-04-30,680,PLAZA,2,True,P,CCVCV,347.55
2023-04-29,679,CEDAR,2,False,C,CVCVC,87.68
2023-04-28,678,CIRCA,2,True,C,CVCCV,98.37
2023-04-27,677,LOGIC,2,False,L,CVCVC,109.0
2023-04-26,676,METRO,2,False,M,CVCCV,88.64
2023-04-25,675,JOKER,2,False,J,CVCVC,557.6
2023-04-24,674,DITTO,2,True,D,CVCCV,100.93
2023-04-23,673,UNZIP,2,False,U,VCCVC,363.24
2023-04-22,672,BROKE,2,False,B,CCVCV,140.31
2023-04-21,671,KAYAK,2,True,K,CVCVC,189.03
2023-04-20,670,PLATE,2,False,P,CCVCV,84.9
2023-04-19,669,THUMP,1,False,T,CCVCC,142.86
2023-04-18,668,HOUND,2,False,H,CVVCC,118.48
2023-04-17,667,WHIFF,1,True,W,CCVCC,220.44
2023-04-16,666,DWELT,1,False,D,CCVCC,136.9
2023-04-15,665,AGONY,2,False,A,VCVCC,114.15
2023-04-14,664,THIEF,2,False,T,CCVVC,120.65
2023-04-13,663,CARAT,2,True,C,CVCVC,83.78
2023-04-12,662,BORAX,2,False,B,CVCVC,381.69
2023-04-11,661,QUALM,2,False,Q,CVVCC,435.14
2023-04-10,660,UNDER,2,False,U,VCCVC,97.31
2023-04-09,659,SNAFU,2,False,S,CCVCV,124.77
2023-04-08,658,LEDGE,2,True,L,CVCCV,108.61
2023-04-07,657,LOCUS,2,False,L,CVCVC,98.34
2023-04-06,656,LEAFY,2,False,L,CVVCC,117.7
2023-04-05,655,SMASH,1,True,S,CCVCC,125.26
2023-04-04,654,RATIO,3,False,R,CVCVV,72.54
2023-04-03,653,FLORA,2,False,F,CCVCV,105.48
2023-04-02,652,STOCK,1,False,S,CCVCC,139.06
2023-04-01,651,MARCH,1,False,M,CVCCC,118.29
2023-03-31,650,EVERY,2,True,E,VCVCC,149.25
2023-03-30,649,BREAD,2,False,B,CCVVC,105.09
2023-03-29,648,BESET,2,True,B,CVCVC,101.56
2023-03-28,647,HURRY,1,True,H,CVCCC,124.32
2023-03-27,646,GUANO,3,False,G,CVVCV,108.24
2023-03-26,645,UNTIE,3,False,U,VCCVV,87.39
2023-03-25,644,VOTER,2,False,V,CVCVC,135.3
2023-03-24,643,GROUT,2,False,G,CCVVC,105.3
2023-03-23,642,STAID,2,False,S,CCVVC,92.19
2023-03-22,641,DUVET,2,False,D,CVCVC,158.02
2023-03-21,640,TOUGH,2,False,T,CVVCC,120.77
2023-03-20,639,GLOVE,2,False,G,CCVCV,155.17
2023-03-19,638,CREDO,2,False,C,CCVCV,91.09
2023-03-18,637,YACHT,1,False,Y,CVCCC,115.83
2023-03-17,636,MEALY,2,False,M,CVVCC,103.67
2023-03-16,635,CIDER,2,False,C,CVCVC,93.61
2023-03-15,634,SWEEP,2,True,S,CCVVC,138.91
2023-03-14,633,SURLY,1,False,S,CVCCC,108.59
2023-03-13,632,BLAME,2,False,B,CCVCV,114.08
2023-03-12,631,BIRTH,1,False,B,CVCCC,121.25
2023-03-11,630,EMAIL,3,False,E,VCVVC,90.02
2023-03-10,629,REVEL,2,True,R,CVCVC,134.12
2023-03-09,628,WHERE,2,True,W,CCVCV,129.89
2023-03-08,627,REGAL,2,False,R,CVCVC,86.44
2023-03-07,626,HORSE,2,False,H,CVCCV,84.12
2023-03-06,625,PINKY,1,False,P,CVCCC,167.78
2023-03-05,624,TOXIC,2,False,T,CVCVC,372.48
2023-03-04,623,TREND,1,False,T,CCVCC,92.56
2023-03-03,622,SQUAT,2,False,S,CCVVC,412.91
2023-03-02,621,ABOVE,3,False,A,VCVCV,155.71
2023-03-01,620,MOOSE,3,True,M,CVVCV,101.07
2023-02-28,619,POLKA,2,False,P,CVCCV,136.6
2023-02-27,618,WORSE,2,False,W,CVCCV,117.08
2023-02-26,617,SYRUP,1,False,S,CCCVC,125.34
2023-02-25,616,FIFTY,1,True,F,CVCCC,176.75
2023-02-24,615,ARBOR,2,True,A,VCCVC,102.34
2023-02-23,614,VAGUE,3,False,V,CVCVV,164.98
2023-02-22,613,RIPER,2,True,R,CVCVC,93.77
2023-02-21,612,RUDDY,1,True,R,CVCCC,141.76
2023-02-20,611,SWEAT,2,False,S,CCVVC,115.93
2023-02-19,610,KIOSK,2,True,K,CVVCC,185.4
2023-02-18,609,AVAIL,3,True,A,VCVVC,142.97
2023-02-17,608,CACHE,2,True,C,CVCCV,105.61
2023-02-16,607,MAGIC,2,False,M,CVCVC,125.45
2023-02-15,606,SALSA,2,True,S,CVCCV,83.27
2023-02-14,605,SOUND,2,False,S,CVVCC,107.95
2023-02-13,604,USAGE,3,False,U,VCVCV,100.61
2023-02-12,603,GIANT,2,False,G,CVVCC,101.01
2023-02-11,602,DEBUG,2,False,D,CVCVC,142.12
2023-02-10,601,HEADY,2,False,H,CVVCC,110.14
2023-02-09,600,STAGE,2,False,S,CCVCV,90.86
2023-02-08,599,FLAIL,2,True,F,CCVVC,118.79
2023-02-07,598,APPLE,2,True,A,VCCCV,110.18
2023-02-06,597,NINTH,1,True,N,CVCCC,114.66
2023-02-05,596,DANCE,2,False,D,CVCCV,94.55
2023-02-04,595,UNLIT,2,False,U,VCCVC,94.13
2023-02-03,594,TASTY,1,True,T,CVCCC,104.65
2023-02-02,593,SHIRK,1,False,S,CCVCC,143.85
2023-02-01,592,SCOLD,1,False,S,CCVCC,107.78
2023-01-31,591,CROSS,1,True,C,CCVCC,101.47
2023-01-30,590,CRAVE,2,False,C,CCVCV,136.54
2023-01-29,589,FISHY,1,False,F,CVCCC,150.2
2023-01-28,588,FLIRT,1,False,F,CCVCC,116.93
2023-01-27,587,WORRY,1,True,W,CVCCC,147.01
2023-01-26,586,BEEFY,2,True,B,CVVCC,148.96
2023-01-25,585,MAIZE,3,False,M,CVVCV,341.85
2023-01-24,584,COUNT,2,False,C,CVVCC,99.75
2023-01-23,583,ELUDE,3,True,E,VCVCV,97.28
2023-01-22,582,MATEY,2,False,M,CVCVC,103.15
2023-01-21,581,BLURB,1,True,B,CCVCC,150.4
2023-01-20,580,ALTER,2,False,A,VCCVC,65.36
2023-01-19,579,MUCKY,1,False,M,CVCCC,182.69
2023-01-18,578,CHARD,1,False,C,CCVCC,112.09
2023-01-17,577,ADOPT,2,False,A,VCVCC,104.27
2023-01-16,576,FROCK,1,False,F,CCVCC,168.53
2023-01-15,575,SPIRE,2,False,S,CCVCV,90.72
2023-01-14,574,KOALA,3,True,K,CVVCV,127.4
2023-01-13,573,HUMAN,2,False,H,CVCVC,121.26
2023-01-12,572,LEAPT,2,False,L,CVVCC,84.9
2023-01-11,571,SEDAN,2,False,S,CVCVC,88.57
2023-01-10,570,GRIMY,1,False,G,CCVCC,139.11
2023-01-09,569,PIXIE,3,True,P,CVCVV,385.4
2023-01-08,568,OPERA,3,False,O,VCVCV,81.6
2023-01-07,567,LEMON,2,False,L,CVCVC,96.03
2023-01-06,566,BELIE,3,True,B,CVCVV,101.41
2023-01-05,565,SLEEK,2,True,S,CCVVC,122.0
2023-01-04,564,LAYER,2,False,L,CVCVC,81.02
2023-01-03,563,ANTIC,2,False,A,VCCVC,88.58
2023-01-02,562,SKIRT,1,False,S,CCVCC,130.65
2023-01-01,561,WHINE,2,False,W,CCVCV,136.99
2022-12-31,560,MANLY,1,False,M,CVCCC,119.49
2022-12-30,559,MOLAR,2,False,M,CVCVC,91.45
2022-12-29,558,HAVOC,2,False,H,CVCVC,157.71
2022-12-28,557,IMPEL,2,False,I,VCCVC,111.22
2022-12-27,556,CONDO,2,True,C,CVCCV,111.67
2022-12-26,555,JUDGE,2,False,J,CVCCV,559.41
2022-12-25,554,EXTRA,2,False,E,VCCCV,349.92
2022-12-24,553,POISE,3,False,P,CVVCV,92.47
2022-12-23,552,AORTA,3,True,A,VVCCV,74.61
2022-12-22,551,EXCEL,2,True,E,VCCVC,367.07
2022-12-21,550,LUNAR,2,False,L,CVCVC,85.93
2022-12-20,549,THIRD,1,False,T,CCVCC,109.37
2022-12-19,548,SLATE,2,False,S,CCVCV,70.3
2022-12-18,547,TAPER,2,False,T,CVCVC,82.11
2022-12-17,546,CHORD,1,False,C,CCVCC,115.51
2022-12-16,545,PROBE,2,False,P,CCVCV,111.6
2022-12-15,544,RIVAL,2,False,R,CVCVC,136.63
2022-12-14,543,USUAL,3,True,U,VCVVC,104.02
2022-12-13,542,SPOKE,2,False,S,CCVCV,136.46
2022-12-12,541,APPLY,1,True,A,VCCCC,137.05
2022-12-11,540,NAIVE,3,False,N,CVVCV,136.76
2022-12-10,539,KNOCK,1,True,K,CCVCC,198.98
2022-12-09,538,BRAID,2,False,B,CCVVC,113.32
2022-12-08,537,INFER,2,False,I,VCCVC,109.79
2022-12-07,536,JOUST,2,False,J,CVVCC,532.52
2022-12-06,535,AMBER,2,False,A,VCCVC,111.29
2022-12-05,534,WOKEN,2,False,W,CVCVC,167.26
2022-12-04,533,ADORE,3,False,A,VCVCV,78.51
2022-12-03,532,TORSO,2,True,T,CVCCV,84.63
2022-12-02,531,CHAFE,2,False,C,CCVCV,123.37
2022-12-01,530,EJECT,2,True,E,VCVCC,520.83
2022-11-30,529,STUDY,1,False,S,CCVCC,124.52
2022-11-29,528,UNDUE,3,True,U,VCCVV,117.32
2022-11-28,527,TEPID,2,False,T,CVCVC,104.5
2022-11-27,526,HAPPY,1,True,H,CVCCC,149.73
2022-11-26,525,CLEAN,2,False,C,CCVVC,80.89
2022-11-25,524,ITCHY,1,False,I,VCCCC,121.76
2022-11-24,523,FEAST,2,False,F,CVVCC,104.2
2022-11-23,522,DRIVE,2,False,D,CCVCV,148.01
2022-11-22,521,PRIME,2,False,P,CCVCV,108.43
2022-11-21,520,AXIOM,3,False,A,VCVVC,380.28
2022-11-20,519,BRAVE,2,False,B,CCVCV,153.95
2022-11-19,518,AVERT,2,False,A,VCVCC,127.89
2022-11-18,517,GLYPH,0,False,G,CCCCC,149.98
2022-11-17,516,THERE,2,True,T,CCVCV,83.74
2022-11-16,515,BAKER,2,False,B,CVCVC,136.9
2022-11-15,514,SNARL,1,False,S,CCVCC,83.86
2022-11-14,513,MAPLE,2,False,M,CVCCV,105.29
2022-11-13,512,INANE,3,True,I,VCVCV,86.31
2022-11-12,511,VALET,2,False,V,CVCVC,134.68
2022-11-11,510,MEDAL,2,False,M,CVCVC,102.2
2022-11-10,509,UNITE,3,False,U,VCVCV,87.39
2022-11-09,508,RAINY,2,False,R,CVVCC,93.32
2022-11-08,507,SPELL,1,True,S,CCVCC,105.03
2022-11-07,506,BEGIN,2,False,B,CVCVC,124.79
2022-11-06,505,STALE,2,False,S,CCVCV,70.3
2022-11-05,504,DREAM,2,False,D,CCVVC,99.41
2022-11-04,503,PHOTO,2,True,P,CCVCV,114.7
2022-11-03,502,ALOUD,3,False,A,VCVVC,97.27
2022-11-02,501,INEPT,2,False,I,VCVCC,94.91
2022-11-01,500,PINEY,2,False,P,CVCVC,110.57
2022-10-31,499,APTLY,1,False,A,VCCCC,111.78
2022-10-30,498,WALTZ,1,False,W,CVCCC,377.35
2022-10-29,497,LIBEL,2,True,L,CVCVC,108.15
2022-10-28,496,SNEAK,2,False,S,CCVVC,120.37
2022-10-27,495,CARRY,1,True,C,CVCCC,106.1
2022-10-26,494,FLOUT,2,False,F,CCVVC,121.43
2022-10-25,493,FOGGY,1,True,F,CVCCC,181.97
2022-10-24,492,FAULT,2,False,F,CVVCC,118.02
2022-10-23,491,MUMMY,1,True,M,CVCCC,176.82
2022-10-22,490,SPIEL,2,False,S,CCVVC,93.51
2022-10-21,489,GROVE,2,False,G,CCVCV,152.38
2022-10-20,488,DENIM,2,False,D,CVCVC,112.21
2022-10-19,487,QUIRK,2,False,Q,CVVCC,463.88
2022-10-18,486,EXIST,2,False,E,VCVCC,360.79
2022-10-17,485,STEIN,2,False,S,CCVVC,80.31
2022-10-16,484,SPADE,2,False,S,CCVCV,101.24
2022-10-15,483,CATCH,1,True,C,CVCCC,116.83
2022-10-14,482,FLOOR,2,True,F,CCVVC,116.9
2022-10-13,481,EQUAL,3,False,E,VCVVC,404.54
2022-10-12,480,IONIC,3,True,I,VVCVC,102.0
2022-10-11,479,VALID,2,False,V,CVCVC,157.09
2022-10-10,478,ENJOY,2,False,E,VCCVC,530.14
2022-10-09,477,HOWDY,1,False,H,CVCCC,170.93
2022-10-08,476,VIGOR,2,False,V,CVCVC,164.6
2022-10-07,475,DANDY,1,True,D,CVCCC,134.96
2022-10-06,474,SLOTH,1,False,S,CCVCC,98.13
2022-10-05,473,MARSH,1,False,M,CVCCC,112.31
2022-10-04,472,BOUGH,2,False,B,CVVCC,146.84
2022-10-03,471,STING,1,False,S,CCVCC,112.61
2022-10-02,470,TWINE,2,False,T,CCVCV,123.79
2022-10-01,469,LEAVE,3,True,L,CVVCV,132.46
2022-09-30,468,SCORN,1,False,S,CCVCC,95.4
2022-09-29,467,SCALD,1,False,S,CCVCC,104.36
2022-09-28,466,USURP,2,True,U,VCVCC,122.43
2022-09-27,465,SOGGY,1,True,S,CVCCC,150.23
2022-09-26,464,BRISK,1,False,B,CCVCC,156.72
2022-09-25,463,ADMIT,2,False,A,VCCVC,109.9
2022-09-24,462,GRATE,2,False,G,CCVCV,85.92
2022-09-23,461,GLORY,1,False,G,CCVCC,116.73
2022-09-22,460,SAINT,2,False,S,CVVCC,82.6
2022-09-21,459,RECAP,2,False,R,CVCVC,90.77
2022-09-20,458,ALIKE,3,False,A,VCVCV,115.62
2022-09-19,457,TRICE,2,False,T,CCVCV,79.42
2022-09-18,456,STICK,1,False,S,CCVCC,141.58
2022-09-17,455,CHUTE,2,False,C,CCVCV,102.63
2022-09-16,454,PARER,2,True,P,CVCVC,87.84
2022-09-15,453,DOUBT,2,False,D,CVVCC,126.75
2022-09-14,452,THYME,1,False,T,CCCCV,125.27
2022-09-13,451,ALPHA,2,True,A,VCCCV,108.39
2022-09-12,450,BOOZE,3,True,B,CVVCV,356.43
2022-09-11,449,TIBIA,3,True,T,CVCVV,111.4
2022-09-10,448,LOFTY,1,False,L,CVCCC,132.34
2022-09-09,447,THEME,2,True,T,CCVCV,106.4
2022-09-08,446,CLASS,1,True,C,CCVCC,100.85
2022-09-07,445,LEERY,2,True,L,CVVCC,86.72
2022-09-06,444,TAUNT,2,True,T,CVVCC,95.68
2022-09-05,443,WHOOP,2,True,W,CCVVC,160.85
2022-09-04,442,INTER,2,False,I,VCCVC,75.37
2022-09-03,441,GULLY,1,True,G,CVCCC,137.79
2022-09-02,440,CHARM,1,False,C,CCVCC,118.29
2022-09-01,439,FUNGI,2,False,F,CVCCV,149.11
2022-08-31,438,PRIZE,2,False,P,CCVCV,340.4
2022-08-30,437,ONSET,2,False,O,VCCVC,77.8
2022-08-29,436,CHIEF,2,False,C,CCVVC,129.3
2022-08-28,435,GAUZE,3,False,G,CVVCV,350.29
2022-08-27,434,RUDER,2,True,R,CVCVC,98.43
2022-08-26,433,IRONY,2,False,I,VCVCC,96.73
2022-08-25,432,CLOWN,1,False,C,CCVCC,141.67
2022-08-24,431,NEEDY,2,True,N,CVVCC,107.26
2022-08-23,430,WOVEN,2,False,W,CVCVC,184.32
2022-08-22,429,MERIT,2,False,M,CVCVC,91.15
2022-08-21,428,WASTE,2,False,W,CVCCV,115.93
2022-08-20,427,TREAT,2,True,T,CCVVC,72.84
2022-08-19,426,SHRUG,1,False,S,CCCVC,126.69
2022-08-18,425,TWANG,1,False,T,CCVCC,150.16
2022-08-17,424,TWICE,2,False,T,CCVCV,127.84
2022-08-16,423,GRUEL,2,False,G,CCVVC,100.12
2022-08-15,422,POKER,2,False,P,CVCVC,131.52
2022-08-14,421,KHAKI,2,True,K,CCVCV,192.51
2022-08-13,420,HUNKY,1,False,H,CVCCC,171.45
2022-08-12,419,LABEL,2,True,L,CVCVC,102.22
2022-08-11,418,GLEAN,2,False,G,CCVVC,93.31
2022-08-10,417,CLING,1,False,C,CCVCC,119.12
2022-08-09,416,PATTY,1,True,P,CVCCC,119.25
2022-08-08,415,UNFIT,2,False,U,VCCVC,128.03
2022-08-07,414,SMEAR,2,False,S,CCVVC,87.9
2022-08-06,413,ALIEN,3,False,A,VCVVC,74.23
2022-08-05,412,BUGGY,1,True,B,CVCCC,183.89
2022-08-04,411,RHYME,1,False,R,CCCCV,123.0
2022-08-03,410,YOUTH,2,False,Y,CVVCC,115.34
2022-08-02,409,COYLY,1,True,C,CVCCC,130.23
2022-08-01,408,QUART,2,False,Q,CVVCC,411.96
2022-07-31,407,CRAMP,1,False,C,CCVCC,122.37
2022-07-30,406,BLUFF,1,True,B,CCVCC,195.43
2022-07-29,405,UPSET,2,False,U,VCCVC,100.73
2022-07-28,404,STOMP,1,False,S,CCVCC,122.07
2022-07-27,403,MOTTO,2,True,M,CVCCV,104.61
2022-07-26,402,CINCH,1,True,C,CVCCC,127.36
2022-07-25,401,ELOPE,3,True,E,VCVCV,90.1
2022-07-24,400,POWER,2,False,P,CVCVC,131.68
2022-07-23,399,MIDGE,2,False,M,CVCCV,128.69
2022-07-22,398,TRYST,0,True,T,CCCCC,106.31
2022-07-21,397,APHID,2,False,A,VCCVC,119.99
2022-07-20,396,TRITE,2,True,T,CCVCV,78.77
2022-07-19,395,ANGRY,1,False,A,VCCCC,117.39
2022-07-18,394,FLOCK,1,False,F,CCVCC,171.32
2022-07-17,393,WACKY,1,False,W,CVCCC,194.77
2022-07-16,392,ROOMY,2,True,R,CVVCC,118.0
2022-07-15,391,WEDGE,2,True,W,CVCCV,154.23
2022-07-14,390,LIVER,2,False,L,CVCVC,134.34
2022-07-13,389,BLAND,1,False,B,CCVCC,123.71
2022-07-12,388,NIGHT,1,False,N,CVCCC,123.14
2022-07-11,387,MADAM,2,True,M,CVCVC,132.36
2022-07-10,386,BERTH,1,False,B,CVCCC,113.03
2022-07-09,385,STEAD,2,False,S,CCVVC,83.97
2022-07-08,384,VOICE,3,False,V,CVVCV,148.23
2022-07-07,383,AGAPE,3,True,A,VCVCV,109.53
2022-07-06,382,FLUFF,1,True,F,CCVCC,203.78
2022-07-05,381,FIELD,2,False,F,CVVCC,122.17
2022-07-04,380,SEVER,2,True,S,CVCVC,136.27
2022-07-03,379,LILAC,2,True,L,CVCVC,93.03
2022-07-02,378,EGRET,2,True,E,VCCVC,91.63
2022-07-01,377,PINTO,2,False,P,CVCCV,100.62
2022-06-30,376,HUTCH,1,True,H,CVCCC,135.05
2022-06-29,375,GAWKY,1,False,G,CVCCC,207.2
2022-06-28,374,DROLL,1,True,D,CCVCC,102.71
2022-06-27,373,RETRO,2,True,R,CVCCV,73.98
2022-06-26,372,RUSTY,1,False,R,CVCCC,108.06
2022-06-25,371,BEADY,2,False,B,CVVCC,123.02
2022-06-24,370,SMITE,2,False,S,CCVCV,96.1
2022-06-23,369,BRINK,1,False,B,CCVCC,158.65
2022-06-22,368,AWFUL,2,False,A,VCCVC,164.17
2022-06-21,367,GLOAT,2,False,G,CCVVC,94.42
2022-06-20,366,INPUT,2,False,I,VCCVC,110.88
2022-06-19,365,LOSER,2,False,L,CVCVC,71.45
2022-06-18,364,CACAO,3,True,C,CVCVV,94.19
2022-06-17,363,BLOWN,1,False,B,CCVCC,159.09
2022-06-16,362,APRON,2,False,A,VCCVC,92.42
2022-06-15,361,PRIMO,2,False,P,CCVCV,114.13
2022-06-14,360,ATONE,3,False,A,VCVCV,71.19
2022-06-13,359,DONOR,2,True,D,CVCVC,100.75
2022-06-12,358,FLOAT,2,False,F,CCVVC,107.75
2022-06-11,357,GOOSE,3,True,G,CVVCV,101.76
2022-06-10,356,PIETY,2,False,P,CVVCC,105.97
2022-06-09,355,GIRTH,1,False,G,CVCCC,116.26
2022-06-08,354,TRAIT,2,True,T,CCVVC,81.06
2022-06-07,353,FLOOD,2,True,F,CCVVC,133.35
2022-06-06,352,GLOOM,2,True,G,CCVVC,126.22
2022-06-05,351,DEPTH,1,False,D,CVCCC,120.69
2022-06-04,350,FROTH,1,False,F,CCVCC,127.08
2022-06-03,349,PHASE,2,False,P,CCVCV,100.25
2022-06-02,348,SHOWY,1,False,S,CCVCC,159.42
2022-06-01,347,CREAK,2,False,C,CCVVC,119.48
2022-05-31,346,MANOR,2,False,M,CVCVC,95.53
2022-05-30,345,ATOLL,2,True,A,VCVCC,81.86
2022-05-29,344,BAYOU,3,False,B,CVCVV,124.28
2022-05-28,343,CREPT,1,False,C,CCVCC,99.69
2022-05-27,342,TIARA,3,True,T,CVVCV,77.13
2022-05-26,341,ASSET,2,True,A,VCCVC,80.45
2022-05-25,340,VOUCH,2,False,V,CVVCC,175.39
2022-05-24,339,ALBUM,2,False,A,VCCVC,130.05
2022-05-23,338,HINGE,2,False,H,CVCCV,111.92
2022-05-22,337,MONEY,2,False,M,CVCVC,111.16
2022-05-21,336,SCRAP,1,False,S,CCCVC,104.66
2022-05-20,335,GAMER,2,False,G,CVCVC,106.3
2022-05-19,334,GLASS,1,True,G,CCVCC,113.28
2022-05-18,333,SCOUR,2,False,S,CCVVC,95.55
2022-05-17,332,BEING,2,False,B,CVVCC,124.79
2022-05-16,331,DELVE,2,True,D,CVCCV,150.58
2022-05-15,330,YIELD,2,False,Y,CVVCC,103.4
2022-05-14,329,METAL,2,False,M,CVCVC,88.02
2022-05-13,328,TIPSY,1,False,T,CVCCC,119.86
2022-05-12,327,SLUNG,1,False,S,CCVCC,120.88
2022-05-11,326,FARCE,2,False,F,CVCCV,107.91
2022-05-10,325,GECKO,2,False,G,CVCCV,146.24
2022-05-09,324,SHINE,2,False,S,CCVCV,93.51
2022-05-08,323,CANNY,1,True,C,CVCCC,119.84
2022-05-07,322,MIDST,1,False,M,CVCCC,121.5
2022-05-06,321,BADGE,2,False,B,CVCCV,128.44
2022-05-05,320,HOMER,2,False,H,CVCVC,101.83
2022-05-04,319,TRAIN,2,False,T,CCVVC,77.66
2022-05-03,318,HAIRY,2,False,H,CVVCC,101.91
2022-05-02,317,STORY,1,False,S,CCVCC,97.8
2022-05-01,316,FORGO,2,True,F,CVCCV,137.45
2022-04-30,315,LARVA,2,True,L,CVCCV,138.7
2022-04-29,314,TRASH,1,False,T,CCVCC,91.93
2022-04-28,313,ZESTY,1,False,Z,CVCCC,350.72
2022-04-27,312,SHOWN,1,False,S,CCVCC,148.36
2022-04-26,311,HEIST,2,False,H,CVVCC,88.91
2022-04-25,310,ASKEW,2,False,A,VCCVC,161.92
2022-04-24,309,INERT,2,False,I,VCVCC,75.37
2022-04-23,308,OLIVE,3,False,O,VCVCV,136.1
2022-04-22,307,PLANT,1,False,P,CCVCC,100.73
2022-04-21,306,OXIDE,3,False,O,VCVCV,371.79
2022-04-20,305,CARGO,2,False,C,CVCCV,100.28
2022-04-19,304,FOYER,2,False,F,CVCVC,118.32
2022-04-18,303,FLAIR,2,False,F,CCVVC,108.0
2022-04-17,302,AMPLE,2,False,A,VCCCV,105.29
2022-04-16,301,CHEEK,2,True,C,CCVVC,140.66
2022-04-15,300,SHAME,2,False,S,CCVCV,103.36
2022-04-14,299,MINCE,2,False,M,CVCCV,106.68
2022-04-13,298,CHUNK,1,False,C,CCVCC,164.45
2022-04-12,297,ROYAL,2,False,R,CVCVC,86.72
2022-04-11,296,SQUAD,2,False,S,CCVVC,427.09
2022-04-10,295,BLACK,1,False,B,CCVCC,159.56
2022-04-09,294,STAIR,2,False,S,CCVVC,75.73
2022-04-08,293,SCARE,2,False,S,CCVCV,76.16
2022-04-07,292,FORAY,2,False,F,CVCVC,120.61
2022-04-06,291,COMMA,2,True,C,CVCCV,130.24
2022-04-05,290,NATAL,2,True,N,CVCVC,82.52
2022-04-04,289,SHAWL,1,False,S,CCVCC,140.87
2022-04-03,288,FEWER,2,True,F,CVCVC,151.11
2022-04-02,287,TROPE,2,False,T,CCVCV,85.53
2022-04-01,286,SNOUT,2,False,S,CCVVC,93.77
2022-03-31,285,LOWLY,1,True,L,CVCCC,152.59
2022-03-30,284,STOVE,2,False,S,CCVCV,136.24
2022-03-29,283,SHALL,1,True,S,CCVCC,103.24
2022-03-28,282,FOUND,2,False,F,CVVCC,139.7
2022-03-27,281,NYMPH,0,False,N,CCCCC,153.37
2022-03-26,280,EPOXY,2,False,E,VCVCC,388.53
2022-03-25,279,DEPOT,2,False,D,CVCVC,101.98
2022-03-24,278,CHEST,1,False,C,CCVCC,100.56
2022-03-23,277,PURGE,2,False,P,CVCCV,116.87
2022-03-22,276,SLOSH,1,True,S,CCVCC,108.81
2022-03-21,275,THEIR,2,False,T,CCVVC,83.96
2022-03-20,274,RENEW,2,True,R,CVCVC,121.3
2022-03-19,273,ALLOW,2,True,A,VCCVC,128.01
2022-03-18,272,SAUTE,3,False,S,CVVCV,79.53
2022-03-17,271,MOVIE,3,False,M,CVCVV,155.96
2022-03-16,270,CATER,2,False,C,CVCVC,73.49
2022-03-15,269,TEASE,3,True,T,CVVCV,71.56
2022-03-14,268,SMELT,1,False,S,CCVCC,99.62
2022-03-13,267,FOCUS,2,False,F,CVCVC,132.23
2022-03-12,266,TODAY,2,False,T,CVCVC,102.65
2022-03-11,265,WATCH,1,False,W,CVCCC,146.33
2022-03-10,264,LAPSE,2,False,L,CVCCV,87.58
2022-03-09,263,MONTH,1,False,M,CVCCC,119.92
2022-03-08,262,SWEET,2,True,S,CCVVC,121.64
2022-03-07,261,HOARD,2,False,H,CVVCC,97.93
2022-03-06,260,CLOTH,1,False,C,CCVCC,104.11
2022-03-05,259,BRINE,2,False,B,CCVCV,101.44
2022-03-04,258,AHEAD,3,True,A,VCVVC,98.56
2022-03-03,257,MOURN,2,False,M,CVVCC,109.21
2022-03-02,256,NASTY,1,False,N,CVCCC,101.26
2022-03-01,255,RUPEE,3,True,R,CVCVV,97.57
2022-02-28,254,CHOKE,2,False,C,CCVCV,138.36
2022-02-27,253,CHANT,1,False,C,CCVCC,104.78
2022-02-26,252,SPILL,1,True,S,CCVCC,113.25
2022-02-25,251,VIVID,2,True,V,CVCVC,233.55
2022-02-24,250,BLOKE,2,False,B,CCVCV,143.1
2022-02-23,249,TROVE,2,False,T,CCVCV,131.3
2022-02-22,248,THORN,1,False,T,CCVCC,97.27
2022-02-21,247,OTHER,2,False,O,VCCVC,81.45
2022-02-20,246,TACIT,2,True,T,CVCVC,91.98
2022-02-19,245,SWILL,1,True,S,CCVCC,142.13
2022-02-18,244,DODGE,2,True,D,CVCCV,127.98
2022-02-17,243,SHAKE,2,False,S,CCVCV,128.97
2022-02-16,242,CAULK,2,False,C,CVVCC,138.24
2022-02-15,241,AROMA,3,True,A,VCVCV,95.0
2022-02-14,240,CYNIC,1,True,C,CCCVC,129.82
2022-02-13,239,ROBIN,2,False,R,CVCVC,107.15
2022-02-12,238,ULTRA,2,False,U,VCCCV,81.33
2022-02-11,237,ULCER,2,False,U,VCCVC,87.69
2022-02-10,236,PAUSE,3,False,P,CVVCV,96.8
2022-02-09,235,HUMOR,2,False,H,CVCVC,117.8
2022-02-08,234,FRAME,2,False,F,CCVCV,119.64
2022-02-07,233,ELDER,2,True,E,VCCVC,85.26
2022-02-06,232,SKILL,1,True,S,CCVCC,141.97
2022-02-05,231,ALOFT,2,False,A,VCVCC,107.75
2022-02-04,230,PLEAT,2,False,P,CCVVC,84.9
2022-02-03,229,SHARD,1,False,S,CCVCC,106.11
2022-02-02,228,MOIST,2,False,M,CVVCC,101.8
2022-02-01,227,THOSE,2,False,T,CCVCV,86.39
2022-01-31,226,LIGHT,1,False,L,CVCCC,119.06
2022-01-30,225,WRUNG,1,False,W,CCVCC,161.57
2022-01-29,224,COULD,2,False,C,CVVCC,109.85
2022-01-28,223,PERKY,1,False,P,CVCCC,152.69
2022-01-27,222,MOUNT,2,False,M,CVVCC,111.48
2022-01-26,221,WHACK,1,False,W,CCVCC,192.32
2022-01-25,220,SUGAR,2,False,S,CVCVC,104.56
2022-01-24,219,KNOLL,1,True,K,CCVCC,145.38
2022-01-23,218,CRIMP,1,False,C,CCVCC,128.3
2022-01-22,217,WINCE,2,False,W,CVCCV,132.44
2022-01-21,216,PRICK,1,False,P,CCVCC,153.91
2022-01-20,215,ROBOT,2,True,R,CVCVC,108.03
2022-01-19,214,POINT,2,False,P,CVVCC,100.62
2022-01-18,213,PROXY,1,False,P,CCVCC,397.48
2022-01-17,212,SHIRE,2,False,S,CCVCV,86.64
2022-01-16,211,SOLAR,2,False,S,CVCVC,73.74
2022-01-15,210,PANIC,2,False,P,CVCVC,105.86
2022-01-14,209,TANGY,1,False,T,CVCCC,119.66
2022-01-13,208,ABBEY,2,True,A,VCCVC,142.9
2022-01-12,207,FAVOR,2,False,F,CVCVC,168.01
2022-01-11,206,DRINK,1,False,D,CCVCC,146.77
2022-01-10,205,QUERY,2,False,Q,CVVCC,425.33
2022-01-09,204,GORGE,2,True,G,CVCCV,118.41
2022-01-08,203,CRANK,1,False,C,CCVCC,135.3
2022-01-07,202,SLUMP,1,False,S,CCVCC,132.86
2022-01-06,201,BANAL,2,True,B,CVCVC,108.59
2022-01-05,200,TIGER,2,False,T,CVCVC,91.85
2022-01-04,199,SIEGE,3,True,S,CVVCV,98.57
2022-01-03,198,TRUSS,1,True,T,CCVCC,103.08
2022-01-02,197,BOOST,2,True,B,CVVCC,112.97
2022-01-01,196,REBUS,2,False,R,CVCVC,107.26
2021-12-31,195,UNIFY,2,False,U,VCVCC,143.68
2021-12-30,194,TROLL,1,True,T,CCVCC,88.52
2021-12-29,193,TAPIR,2,False,T,CVCVC,90.33
2021-12-28,192,ASIDE,3,False,A,VCVCV,85.97
2021-12-27,191,FERRY,1,True,F,CVCCC,129.57
2021-12-26,190,ACUTE,3,False,A,VCVCV,85.51
2021-12-25,189,PICKY,1,False,P,CVCCC,171.83
2021-12-24,188,WEARY,2,False,W,CVVCC,126.64
2021-12-23,187,GRIPE,2,False,G,CCVCV,109.12
2021-12-22,186,CRAZE,2,False,C,CCVCV,325.85
2021-12-21,185,PLUCK,1,False,P,CCVCC,164.45
2021-12-20,184,BRAKE,2,False,B,CCVCV,136.9
2021-12-19,183,BATON,2,False,B,CVCVC,103.48
2021-12-18,182,CHAMP,1,False,C,CCVCC,137.84
2021-12-17,181,PEACH,2,False,P,CVVCC,106.23
2021-12-16,180,USING,2,False,U,VCVCC,117.36
2021-12-15,179,TRACE,2,False,T,CCVCV,73.49
2021-12-14,178,VITAL,2,False,V,CVCVC,142.9
2021-12-13,177,SONIC,2,False,S,CVCVC,94.67
2021-12-12,176,MASSE,2,True,M,CVCCV,100.84
2021-12-11,175,CONIC,2,True,C,CVCVC,108.65
2021-12-10,174,VIRAL,2,False,V,CVCVC,140.63
2021-12-09,173,RHINO,2,False,R,CCVCV,94.27
2021-12-08,172,BREAK,2,False,B,CCVVC,136.9
2021-12-07,171,TRIAD,2,False,T,CCVVC,87.25
2021-12-06,170,EPOCH,2,False,E,VCVCC,109.65
2021-12-05,169,USHER,2,False,U,VCCVC,94.39
2021-12-04,168,EXULT,2,False,E,VCVCC,366.39
2021-12-03,167,GRIME,2,False,G,CCVCV,112.23
2021-12-02,166,CHEAT,2,False,C,CCVVC,88.96
2021-12-01,165,SOLVE,2,False,S,CVCCV,136.77
2021-11-30,164,BRING,1,False,B,CCVCC,133.74
2021-11-29,163,PROVE,2,False,P,CCVCV,148.58
2021-11-28,162,STORE,2,False,S,CCVCV,70.93
2021-11-27,161,TILDE,2,False,T,CVCCV,87.75
2021-11-26,160,CLOCK,1,True,C,CCVCC,153.56
2021-11-25,159,WROTE,2,False,W,CCVCV,114.4
2021-11-24,158,RETCH,1,False,R,CVCCC,95.62
2021-11-23,157,PERCH,1,False,P,CVCCC,112.89
2021-11-22,156,ROUGE,3,False,R,CVVCV,99.08
2021-11-21,155,RADIO,3,False,R,CVCVV,86.73
2021-11-20,154,SURER,2,True,S,CVCVC,86.92
2021-11-19,153,FINER,2,False,F,CVCVC,109.79
2021-11-18,152,VODKA,2,False,V,CVCCV,200.04
2021-11-17,151,HERON,2,False,H,CVCVC,86.05
2021-11-16,150,CHILL,1,True,C,CCVCC,115.16
2021-11-15,149,GAUDY,2,False,G,CVVCC,134.0
2021-11-14,148,PITHY,1,False,P,CVCCC,130.38
2021-11-13,147,SMART,1,False,S,CCVCC,99.12
2021-11-12,146,BADLY,1,False,B,CVCCC,134.76
2021-11-11,145,ROGUE,3,False,R,CVCVV,99.08
2021-11-10,144,GROUP,2,False,G,CCVVC,122.58
2021-11-09,143,FIXER,2,False,F,CVCVC,390.27
2021-11-08,142,GROIN,2,False,G,CCVVC,102.16
2021-11-07,141,DUCHY,1,False,D,CVCCC,143.7
2021-11-06,140,COAST,2,False,C,CVVCC,84.14
2021-11-05,139,BLURT,1,False,B,CCVCC,116.33
2021-11-04,138,PULPY,1,True,P,CVCCC,150.73
2021-11-03,137,ALTAR,2,True,A,VCCVC,75.65
2021-11-02,136,GREAT,2,False,G,CCVVC,85.92
2021-11-01,135,BRIAR,2,True,B,CCVVC,104.86
2021-10-31,134,CLICK,1,True,C,CCVCC,156.08
2021-10-30,133,GOUGE,3,True,G,CVVCV,130.43
2021-10-29,132,WORLD,1,False,W,CVCCC,140.33
2021-10-28,131,ERODE,3,True,E,VCVCV,84.22
2021-10-27,130,BOOZY,2,True,B,CVVCC,378.3
2021-10-26,129,DOZEN,2,False,D,CVCVC,341.66
2021-10-25,128,FLING,1,False,F,CCVCC,144.88
2021-10-24,127,GROWL,1,False,G,CCVCC,147.23
2021-10-23,126,ABYSS,1,True,A,VCCCC,133.4
2021-10-22,125,STEED,2,True,S,CCVVC,89.68
2021-10-21,124,ENEMA,3,True,E,VCVCV,93.87
2021-10-20,123,JAUNT,2,False,J,CVVCC,531.04
2021-10-19,122,COMET,2,False,C,CVCVC,99.56
2021-10-18,121,TWEED,2,True,T,CCVVC,133.15
2021-10-17,120,PILOT,2,False,P,CVCVC,96.54
2021-10-16,119,DUTCH,1,False,D,CVCCC,128.04
2021-10-15,118,BELCH,1,False,B,CVCCC,124.48
2021-10-14,117,OUGHT,2,False,O,VVCCC,120.77
2021-10-13,116,DOWRY,1,False,D,CVCCC,155.46
2021-10-12,115,THUMB,1,False,T,CCVCC,151.66
2021-10-11,114,HYPER,1,False,H,CCCVC,119.89
2021-10-10,113,HATCH,1,True,H,CVCCC,121.37
2021-10-09,112,ALONE,3,False,A,VCVCV,71.72
2021-10-08,111,MOTOR,2,True,M,CVCVC,102.34
2021-10-07,110,ABACK,2,True,A,VCVCC,158.11
2021-10-06,109,GUILD,2,False,G,CVVCC,124.8
2021-10-05,108,KEBAB,2,True,K,CVCVC,177.23
2021-10-04,107,SPEND,1,False,S,CCVCC,114.77
2021-10-03,106,FJORD,1,False,F,CCVCC,567.43
2021-10-02,105,ESSAY,2,True,E,VCCVC,96.11
2021-10-01,104,SPRAY,1,False,S,CCCVC,111.66
2021-09-30,103,SPICY,1,False,S,CCVCC,128.51
2021-09-29,102,AGATE,3,True,A,VCVCV,92.26
2021-09-28,101,SALAD,2,True,S,CVCVC,94.78
2021-09-27,100,BASIC,2,False,B,CVCVC,112.73
2021-09-26,99,MOULT,2,False,M,CVVCC,107.4
2021-09-25,98,CORNY,1,False,C,CVCCC,108.38
2021-09-24,97,FORGE,2,False,F,CVCCV,123.75
2021-09-23,96,CIVIC,2,True,C,CVCVC,169.62
2021-09-22,95,ISLET,2,False,I,VCCVC,76.24
2021-09-21,94,LABOR,2,False,L,CVCVC,97.13
2021-09-20,93,GAMMA,2,True,G,CVCCV,139.25
2021-09-19,92,LYING,1,False,L,CCVCC,126.12
2021-09-18,91,AUDIT,3,False,A,VVCVC,99.27
2021-09-17,90,ROUND,2,False,R,CVVCC,103.01
2021-09-16,89,LOOPY,2,True,L,CVVCC,117.68
2021-09-15,88,LUSTY,1,False,L,CVCCC,110.86
2021-09-14,87,GOLEM,2,False,G,CVCVC,112.51
2021-09-13,86,GONER,2,False,G,CVCVC,93.93
2021-09-12,85,GREET,2,True,G,CCVVC,91.63
2021-09-11,84,START,1,True,S,CCVCC,86.73
2021-09-10,83,LAPEL,2,True,L,CVCVC,93.43
2021-09-09,82,BIOME,3,False,B,CVVCV,118.98
2021-09-08,81,PARRY,1,True,P,CVCCC,114.72
2021-09-07,80,SHRUB,1,False,S,CCCVC,131.67
2021-09-06,79,FRONT,1,False,F,CCVCC,118.49
2021-09-05,78,WOOER,3,True,W,CVVVC,121.89
2021-09-04,77,TOTEM,2,True,T,CVCVC,98.91
2021-09-03,76,FLICK,1,False,F,CCVCC,173.84
2021-09-02,75,DELTA,2,False,D,CVCCV,81.82
2021-09-01,74,BLEED,2,True,B,CCVVC,113.6
2021-08-31,73,ARGUE,3,False,A,VCCVV,95.67
2021-08-30,72,SWIRL,1,False,S,CCVCC,131.34
2021-08-29,71,ERROR,2,True,E,VCCVC,71.71
2021-08-28,70,AGREE,3,True,A,VCCVV,87.7
2021-08-27,69,OFFAL,2,True,O,VCCVC,150.17
2021-08-26,68,FLUME,2,False,F,CCVCV,136.11
2021-08-25,67,CRASS,1,True,C,CCVCC,98.06
2021-08-24,66,PANEL,2,False,P,CVCVC,89.51
2021-08-23,65,STOUT,2,True,S,CCVVC,97.16
2021-08-22,64,BRIBE,2,True,B,CCVCV,130.91
2021-08-21,63,DRAIN,2,False,D,CCVVC,91.85
2021-08-20,62,YEARN,2,False,Y,CVVCC,85.09
2021-08-19,61,PRINT,1,False,P,CCVCC,103.87
2021-08-18,60,SEEDY,2,True,S,CVVCC,105.33
2021-08-17,59,IVORY,2,False,I,VCVCC,155.18
2021-08-16,58,BELLY,1,True,B,CVCCC,126.81
2021-08-15,57,STAND,1,False,S,CCVCC,99.79
2021-08-14,56,FIRST,1,False,F,CVCCC,119.08
2021-08-13,55,FORTH,1,False,F,CVCCC,127.08
2021-08-12,54,BOOBY,2,True,B,CVVCC,152.02
2021-08-11,53,FLESH,1,False,F,CCVCC,126.85
2021-08-10,52,UNMET,2,False,U,VCCVC,105.77
2021-08-09,51,LINEN,2,True,L,CVCVC,90.77
2021-08-08,50,MAXIM,2,True,M,CVCVC,409.18
2021-08-07,49,POUND,2,False,P,CVVCC,122.55
2021-08-06,48,MIMIC,2,True,M,CVCVC,138.69
2021-08-05,47,SPIKE,2,False,S,CCVCV,138.98
2021-08-04,46,CLUCK,1,True,C,CCVCC,163.83
2021-08-03,45,CRATE,2,False,C,CCVCV,73.49
2021-08-02,44,DIGIT,2,True,D,CVCVC,124.53
2021-08-01,43,REPAY,2,False,R,CVCVC,97.77
2021-07-31,42,SOWER,2,False,S,CVCVC,117.08
2021-07-30,41,CRAZY,1,False,C,CCVCC,352.72
2021-07-29,40,ADOBE,3,False,A,VCVCV,106.85
2021-07-28,39,OUTDO,3,True,O,VVCCV,108.16
2021-07-27,38,TRAWL,1,False,T,CCVCC,122.73
2021-07-26,37,WHELP,1,False,W,CCVCC,153.18
2021-07-25,36,UNFED,2,False,U,VCCVC,133.99
2021-07-24,35,PAPER,2,True,P,CVCVC,107.39
2021-07-23,34,STAFF,1,True,S,CCVCC,157.83
2021-07-22,33,CROAK,2,False,C,CCVVC,125.19
2021-07-21,32,HELIX,2,False,H,CVCVC,371.84
2021-07-20,31,FLOSS,1,True,F,CCVCC,130.03
2021-07-19,30,PRIDE,2,False,P,CCVCV,102.23
2021-07-18,29,BATTY,1,True,B,CVCCC,128.05
2021-07-17,28,REACT,2,False,R,CVVCC,73.49
2021-07-16,27,MARRY,1,True,M,CVCCC,117.83
2021-07-15,26,ABASE,3,True,A,VCVCV,99.92
2021-07-14,25,COLON,2,True,C,CVCVC,98.01
2021-07-13,24,STOOL,2,True,S,CCVVC,87.42
2021-07-12,23,CRUST,1,False,C,CCVCC,101.06
2021-07-11,22,FRESH,1,False,F,CCVCC,124.05
2021-07-10,21,DEATH,2,False,D,CVVCC,94.49
2021-07-09,20,MAJOR,2,False,M,CVCVC,530.29
2021-07-08,19,FEIGN,2,False,F,CVVCC,133.14
2021-07-07,18,ABATE,3,True,A,VCVCV,97.25
2021-07-06,17,BENCH,1,False,B,CVCCC,128.56
2021-07-05,16,QUIET,3,False,Q,CVVVC,413.94
2021-07-04,15,GRADE,2,False,G,CCVCV,100.1
2021-07-03,14,STINK,1,False,S,CCVCC,137.52
2021-07-02,13,KARMA,2,True,K,CVCCV,145.5
2021-07-01,12,MODEL,2,False,M,CVCVC,105.62
2021-06-30,11,DWARF,1,False,D,CCVCC,170.81
2021-06-29,10,HEATH,2,True,H,CVVCC,101.5
2021-06-28,9,SERVE,2,True,S,CVCCV,136.27
2021-06-27,8,NAVAL,2,True,N,CVCVC,145.57
2021-06-26,7,EVADE,3,True,E,VCVCV,146.12
2021-06-25,6,FOCAL,2,False,F,CVCVC,116.41
2021-06-24,5,BLUSH,1,False,B,CCVCC,134.47
2021-06-23,4,AWAKE,3,True,A,VCVCV,163.32
2021-06-22,3,HUMPH,1,True,H,CVCCC,164.06
2021-06-21,2,SISSY,1,True,S,CVCCC,115.93
2021-06-20,1,REBUT,2,False,R,CVCVC,104.58
2021-06-19,0,CIGAR,2,False,C,CVCVC,102.79
