word,pos,level,ipa,definition,example
achieve,verb,B1,/əˈtʃiv/,To succeed in doing something after effort,She worked hard to achieve her goals.
advice,noun,B1,/ædˈvaɪs/,An idea about what someone should do,My dad gave me good advice about jobs.
allow,verb,B1,/əˈlaʊ/,To let someone do something,My parents allow me to stay up late.
appointment,noun,B1,/əˈpɔɪntmənt/,A time you have arranged to meet someone,I have a doctor's appointment at two.
argue,verb,B1,/ˈɑrɡju/,To speak angrily with someone,They argue about money all the time.
assume,verb,B1,/əˈsum/,To believe something is true without proof,Don't assume that everyone agrees with you.
attention,noun,B1,/əˈtɛnʃən/,The act of watching or listening carefully,Please pay attention to the teacher.
average,adjective,B1,/ˈævərɪdʒ/,Normal or usual,He is a student of average height.
budget,noun,B1,/ˈbʌdʒɪt/,A plan for how to spend money,Our family has a monthly budget.
charge,verb,B1,/ˈtʃɑrdʒ/,To ask for a price for something,The store charges ten dollars for that shirt.
community,noun,B1,/kəˈmjunəti/,A group of people who live in the same area,Our community holds a fair every summer.
complain,verb,B1,/kəmˈpleɪn/,To say you are not happy about something,She complained about the cold food.
confident,adjective,B1,/ˈkɑnfədənt/,Sure about your ability to do something,She feels confident before the exam.
consequence,noun,B1,/ˈkɑnsəkwəns/,A result or effect of an action,There are serious consequences for breaking the rules.
consider,verb,B1,/kənˈsɪdər/,To think about something carefully,I am considering a new job.
convince,verb,B1,/kənˈvɪns/,To make someone believe something,He convinced me to try the food.
describe,verb,B1,/dɪˈskraɪb/,To say what someone or something is like,Can you describe the man you saw?
develop,verb,B1,/dɪˈvɛləp/,To grow or make something grow over time,Children develop skills through play.
discover,verb,B1,/dɪˈskʌvər/,To find something for the first time,Scientists discovered a new planet.
economy,noun,B1,/ɪˈkɑnəmi/,The system by which a country manages its money and trade,The country's economy has been growing steadily.
encourage,verb,B1,/ɛnˈkɜrɪdʒ/,To give someone hope or support to do something,My coach encouraged me to keep training.
environment,noun,B1,/ɪnˈvaɪrənmənt/,"The natural world around us, including air, water, and land",We must protect the environment for future generations.
equipment,noun,B1,/ɪˈkwɪpmənt/,The tools or objects needed for a job,The gym has new fitness equipment.
expect,verb,B1,/ɪkˈspɛkt/,To think that something will happen,I expect the train to arrive soon.
experience,noun,B1,/ɪkˈspɪriəns/,Knowledge gained from doing something,She has ten years of teaching experience.
generation,noun,B1,/ˌdʒɛnərˈeɪʃən/,All the people born around the same time,My grandmother's generation grew up without phones.
government,noun,B1,/ˈɡʌvərmənt/,The group of people who run a country,The government built a new road here.
imagine,verb,B1,/ɪˈmædʒən/,To form a picture of something in your mind,Imagine living on a small island.
improve,verb,B1,/ɪmˈpruv/,To make something better,I want to improve my English writing.
industry,noun,B1,/ˈɪndəstri/,The business of making products in factories,The car industry employs many workers.
influence,verb,B1,/ˈɪnfluəns/,To have an effect on someone or something,Social media can influence people's opinions.
knowledge,noun,B1,/ˈnɑlədʒ/,The information a person knows,She has deep knowledge of history.
manage,verb,B1,/ˈmænədʒ/,To be in charge of something,He manages a small hotel by the sea.
negotiate,verb,B1,/nəˈɡoʊʃiˌeɪt/,To discuss something to try to reach an agreement,They negotiated a better salary with their employer.
opportunity,noun,B1,/ˌɑpərˈtunəti/,A chance to do something good or useful,This job is a great opportunity to learn new skills.
organize,verb,B1,/ˈɔrɡəˌnaɪz/,To plan and arrange something,She organized the school trip.
pollution,noun,B1,/pəˈluʃən/,"Dirty air, water, or land caused by people",Cars cause a lot of pollution in cities.
popular,adjective,B1,/ˈpɑpjələr/,Liked by many people,Pizza is a popular food for kids.
prefer,verb,B1,/prəˈfɜr/,To like one thing more than another,I prefer tea to coffee.
pressure,noun,B1,/ˈprɛʃər/,A strong feeling of stress or worry,He feels pressure from his boss at work.
progress,noun,B1,/ˈprɑˌɡrɛs/,Movement toward a goal,She is making good progress in class.
recommend,verb,B1,/ˌrɛkəˈmɛnd/,To suggest something as a good choice,I recommend this book to all my friends.
reduce,verb,B1,/rəˈdus/,To make something smaller in size or amount,We need to reduce our water use.
research,noun,B1,/riˈsɜrtʃ/,A careful study to learn new facts,Her research is about ocean life.
responsible,adjective,B1,/riˈspɑnsəbəl/,Being the person who must take care of something,He is responsible for the whole team.
salary,noun,B1,/ˈsæləri/,Money a person earns from their job each month,Her salary went up last year.
significant,adjective,B1,/səɡˈnɪfɪkənt/,Important or large enough to have a noticeable effect,There has been a significant improvement in her grades.
society,noun,B1,/səˈsaɪəti/,A large group of people who share laws and customs,Modern society depends on the internet.
suggest,verb,B1,/səɡˈdʒɛst/,To give an idea for someone to think about,I suggest we leave before dark.
traditional,adjective,B1,/trəˈdɪʃənəl/,Relating to customs or beliefs passed down over time,We had a traditional meal for the holiday.
